Element, g_lbvh.left, g_lbvh.right, g_lbvh.primitiveIdx, g_lbvh.aabbMinX, g_lbvh.aabbMinY, g_lbvh.aabbMinZ, g_lbvh.aabbMaxX, g_lbvh.aabbMaxY, g_lbvh.aabbMaxZ, g_lbvh.mass, g_lbvh.cx, g_lbvh.cy, g_lbvh.cz
0, 511, 512, 0, -0.05, -0.05, -0.05, 0.05, 0.05, 0.05, 0, nan, nan, nan
1, 699, 700, 0, -0.05, -0.05, -0.05, 0.05, 0.05, 0.05, 0, nan, nan, nan
2, 701, 702, 0, -0.05, -0.05, -0.05, 0.05, 0.05, 0.05, 0, nan, nan, nan
3, 1, 2, 0, -0.05, -0.05, -0.05, 0.05, 0.05, 0.05, 0, nan, nan, nan
4, 5, 6, 0, -0.05, -0.05, -0.05, 0.05, 0.05, 0.05, 0, nan, nan, nan
5, 703, 704, 0, -0.05, -0.05, -0.05, 0.05, 0.05, 0.05, 0, nan, nan, nan
6, 705, 706, 0, -0.05, -0.05, -0.05, 0.05, 0.05, 0.05, 0, nan, nan, nan
7, 3, 4, 0, -0.05, -0.05, -0.05, 0.05, 0.05, 0.05, 0, nan, nan, nan
8, 11, 12, 0, -0.05, -0.05, -0.05, 0.05, 0.05, 0.05, 0, nan, nan, nan
9, 707, 708, 0, -0.05, -0.05, -0.05, 0.05, 0.05, 0.05, 0, nan, nan, nan
10, 709, 710, 0, -0.05, -0.05, -0.05, 0.05, 0.05, 0.05, 0, nan, nan, nan
11, 9, 10, 0, -0.05, -0.05, -0.05, 0.05, 0.05, 0.05, 0, nan, nan, nan
12, 13, 14, 0, -0.05, -0.05, -0.05, 0.05, 0.05, 0.05, 0, nan, nan, nan
13, 711, 712, 0, -0.05, -0.05, -0.05, 0.05, 0.05, 0.05, 0, nan, nan, nan
14, 713, 714, 0, -0.05, -0.05, -0.05, 0.05, 0.05, 0.05, 0, nan, nan, nan
15, 7, 8, 0, -0.05, -0.05, -0.05, 0.05, 0.05, 0.05, 0, nan, nan, nan
16, 23, 24, 0, -0.05, -0.05, -0.05, 0.05, 0.05, 0.05, 0, nan, nan, nan
17, 715, 716, 0, -0.05, -0.05, -0.05, 0.05, 0.05, 0.05, 0, nan, nan, nan
18, 717, 718, 0, -0.05, -0.05, -0.05, 0.05, 0.05, 0.05, 0, nan, nan, nan
19, 17, 18, 0, -0.05, -0.05, -0.05, 0.05, 0.05, 0.05, 0, nan, nan, nan
20, 21, 22, 0, -0.05, -0.05, -0.05, 0.05, 0.05, 0.05, 0, nan, nan, nan
21, 719, 720, 0, -0.05, -0.05, -0.05, 0.05, 0.05, 0.05, 0, nan, nan, nan
22, 721, 722, 0, -0.05, -0.05, -0.05, 0.05, 0.05, 0.05, 0, nan, nan, nan
23, 19, 20, 0, -0.05, -0.05, -0.05, 0.05, 0.05, 0.05, 0, nan, nan, nan
24, 27, 28, 0, -0.05, -0.05, -0.05, 0.05, 0.05, 0.05, 0, nan, nan, nan
25, 723, 724, 0, -0.05, -0.05, -0.05, 0.05, 0.05, 0.05, 0, nan, nan, nan
26, 725, 726, 0, -0.05, -0.05, -0.05, 0.05, 0.05, 0.05, 0, nan, nan, nan
27, 25, 26, 0, -0.05, -0.05, -0.05, 0.05, 0.05, 0.05, 0, nan, nan, nan
28, 29, 30, 0, -0.05, -0.05, -0.05, 0.05, 0.05, 0.05, 0, nan, nan, nan
29, 727, 728, 0, -0.05, -0.05, -0.05, 0.05, 0.05, 0.05, 0, nan, nan, nan
30, 729, 730, 0, -0.05, -0.05, -0.05, 0.05, 0.05, 0.05, 0, nan, nan, nan
31, 15, 16, 0, -0.05, -0.05, -0.05, 0.05, 0.05, 0.05, 0, nan, nan, nan
32, 47, 48, 0, -0.05, -0.05, -0.05, 0.05, 0.05, 0.05, 0, nan, nan, nan
33, 731, 732, 0, -0.05, -0.05, -0.05, 0.05, 0.05, 0.05, 0, nan, nan, nan
34, 733, 734, 0, -0.05, -0.05, -0.05, 0.05, 0.05, 0.05, 0, nan, nan, nan
35, 33, 34, 0, -0.05, -0.05, -0.05, 0.05, 0.05, 0.05, 0, nan, nan, nan
36, 37, 38, 0, -0.05, -0.05, -0.05, 0.05, 0.05, 0.05, 0, nan, nan, nan
37, 735, 736, 0, -0.05, -0.05, -0.05, 0.05, 0.05, 0.05, 0, nan, nan, nan
38, 737, 738, 0, -0.05, -0.05, -0.05, 0.05, 0.05, 0.05, 0, nan, nan, nan
39, 35, 36, 0, -0.05, -0.05, -0.05, 0.05, 0.05, 0.05, 0, nan, nan, nan
40, 43, 44, 0, -0.05, -0.05, -0.05, 0.05, 0.05, 0.05, 0, nan, nan, nan
41, 739, 740, 0, -0.05, -0.05, -0.05, 0.05, 0.05, 0.05, 0, nan, nan, nan
42, 741, 742, 0, -0.05, -0.05, -0.05, 0.05, 0.05, 0.05, 0, nan, nan, nan
43, 41, 42, 0, -0.05, -0.05, -0.05, 0.05, 0.05, 0.05, 0, nan, nan, nan
44, 45, 46, 0, -0.05, -0.05, -0.05, 0.05, 0.05, 0.05, 0, nan, nan, nan
45, 743, 744, 0, -0.05, -0.05, -0.05, 0.05, 0.05, 0.05, 0, nan, nan, nan
46, 745, 746, 0, -0.05, -0.05, -0.05, 0.05, 0.05, 0.05, 0, nan, nan, nan
47, 39, 40, 0, -0.05, -0.05, -0.05, 0.05, 0.05, 0.05, 0, nan, nan, nan
48, 55, 56, 0, -0.05, -0.05, -0.05, 0.05, 0.05, 0.05, 0, nan, nan, nan
49, 747, 748, 0, -0.05, -0.05, -0.05, 0.05, 0.05, 0.05, 0, nan, nan, nan
50, 749, 750, 0, -0.05, -0.05, -0.05, 0.05, 0.05, 0.05, 0, nan, nan, nan
51, 49, 50, 0, -0.05, -0.05, -0.05, 0.05, 0.05, 0.05, 0, nan, nan, nan
52, 53, 54, 0, -0.05, -0.05, -0.05, 0.05, 0.05, 0.05, 0, nan, nan, nan
53, 751, 752, 0, -0.05, -0.05, -0.05, 0.05, 0.05, 0.05, 0, nan, nan, nan
54, 753, 754, 0, -0.05, -0.05, -0.05, 0.05, 0.05, 0.05, 0, nan, nan, nan
55, 51, 52, 0, -0.05, -0.05, -0.05, 0.05, 0.05, 0.05, 0, nan, nan, nan
56, 59, 60, 0, -0.05, -0.05, -0.05, 0.05, 0.05, 0.05, 0, nan, nan, nan
57, 755, 756, 0, -0.05, -0.05, -0.05, 0.05, 0.05, 0.05, 0, nan, nan, nan
58, 757, 758, 0, -0.05, -0.05, -0.05, 0.05, 0.05, 0.05, 0, nan, nan, nan
59, 57, 58, 0, -0.05, -0.05, -0.05, 0.05, 0.05, 0.05, 0, nan, nan, nan
60, 61, 62, 0, -0.05, -0.05, -0.05, 0.05, 0.05, 0.05, 0, nan, nan, nan
61, 759, 760, 0, -0.05, -0.05, -0.05, 0.05, 0.05, 0.05, 0, nan, nan, nan
62, 761, 762, 0, -0.05, -0.05, -0.05, 0.05, 0.05, 0.05, 0, nan, nan, nan
63, 31, 32, 0, -0.05, -0.05, -0.05, 0.05, 0.05, 0.05, 0, nan, nan, nan
64, 95, 96, 0, -0.05, -0.05, -0.05, 0.05, 0.05, 0.05, 0, nan, nan, nan
65, 763, 764, 0, -0.05, -0.05, -0.05, 0.05, 0.05, 0.05, 0, nan, nan, nan
66, 765, 766, 0, -0.05, -0.05, -0.05, 0.05, 0.05, 0.05, 0, nan, nan, nan
67, 65, 66, 0, -0.05, -0.05, -0.05, 0.05, 0.05, 0.05, 0, nan, nan, nan
68, 69, 70, 0, -0.05, -0.05, -0.05, 0.05, 0.05, 0.05, 0, nan, nan, nan
69, 767, 768, 0, -0.05, -0.05, -0.05, 0.05, 0.05, 0.05, 0, nan, nan, nan
70, 769, 770, 0, -0.05, -0.05, -0.05, 0.05, 0.05, 0.05, 0, nan, nan, nan
71, 67, 68, 0, -0.05, -0.05, -0.05, 0.05, 0.05, 0.05, 0, nan, nan, nan
72, 75, 76, 0, -0.05, -0.05, -0.05, 0.05, 0.05, 0.05, 0, nan, nan, nan
73, 771, 772, 0, -0.05, -0.05, -0.05, 0.05, 0.05, 0.05, 0, nan, nan, nan
74, 773, 774, 0, -0.05, -0.05, -0.05, 0.05, 0.05, 0.05, 0, nan, nan, nan
75, 73, 74, 0, -0.05, -0.05, -0.05, 0.05, 0.05, 0.05, 0, nan, nan, nan
76, 77, 78, 0, -0.05, -0.05, -0.05, 0.05, 0.05, 0.05, 0, nan, nan, nan
77, 775, 776, 0, -0.05, -0.05, -0.05, 0.05, 0.05, 0.05, 0, nan, nan, nan
78, 777, 778, 0, -0.05, -0.05, -0.05, 0.05, 0.05, 0.05, 0, nan, nan, nan
79, 71, 72, 0, -0.05, -0.05, -0.05, 0.05, 0.05, 0.05, 0, nan, nan, nan
80, 87, 88, 0, -0.05, -0.05, -0.05, 0.05, 0.05, 0.05, 0, nan, nan, nan
81, 779, 780, 0, -0.05, -0.05, -0.05, 0.05, 0.05, 0.05, 0, nan, nan, nan
82, 781, 782, 0, -0.05, -0.05, -0.05, 0.05, 0.05, 0.05, 0, nan, nan, nan
83, 81, 82, 0, -0.05, -0.05, -0.05, 0.05, 0.05, 0.05, 0, nan, nan, nan
84, 85, 86, 0, -0.05, -0.05, -0.05, 0.05, 0.05, 0.05, 0, nan, nan, nan
85, 783, 784, 0, -0.05, -0.05, -0.05, 0.05, 0.05, 0.05, 0, nan, nan, nan
86, 785, 786, 0, -0.05, -0.05, -0.05, 0.05, 0.05, 0.05, 0, nan, nan, nan
87, 83, 84, 0, -0.05, -0.05, -0.05, 0.05, 0.05, 0.05, 0, nan, nan, nan
88, 91, 92, 0, -0.05, -0.05, -0.05, 0.05, 0.05, 0.05, 0, nan, nan, nan
89, 787, 788, 0, -0.05, -0.05, -0.05, 0.05, 0.05, 0.05, 0, nan, nan, nan
90, 789, 790, 0, -0.05, -0.05, -0.05, 0.05, 0.05, 0.05, 0, nan, nan, nan
91, 89, 90, 0, -0.05, -0.05, -0.05, 0.05, 0.05, 0.05, 0, nan, nan, nan
92, 93, 94, 0, -0.05, -0.05, -0.05, 0.05, 0.05, 0.05, 0, nan, nan, nan
93, 791, 792, 0, -0.05, -0.05, -0.05, 0.05, 0.05, 0.05, 0, nan, nan, nan
94, 793, 794, 0, -0.05, -0.05, -0.05, 0.05, 0.05, 0.05, 0, nan, nan, nan
95, 79, 80, 0, -0.05, -0.05, -0.05, 0.05, 0.05, 0.05, 0, nan, nan, nan
96, 111, 112, 0, -0.05, -0.05, -0.05, 0.05, 0.05, 0.05, 0, nan, nan, nan
97, 795, 796, 0, -0.05, -0.05, -0.05, 0.05, 0.05, 0.05, 0, nan, nan, nan
98, 797, 798, 0, -0.05, -0.05, -0.05, 0.05, 0.05, 0.05, 0, nan, nan, nan
99, 97, 98, 0, -0.05, -0.05, -0.05, 0.05, 0.05, 0.05, 0, nan, nan, nan
100, 101, 102, 0, -0.05, -0.05, -0.05, 0.05, 0.05, 0.05, 0, nan, nan, nan
101, 799, 800, 0, -0.05, -0.05, -0.05, 0.05, 0.05, 0.05, 0, nan, nan, nan
102, 801, 802, 0, -0.05, -0.05, -0.05, 0.05, 0.05, 0.05, 0, nan, nan, nan
103, 99, 100, 0, -0.05, -0.05, -0.05, 0.05, 0.05, 0.05, 0, nan, nan, nan
104, 107, 108, 0, -0.05, -0.05, -0.05, 0.05, 0.05, 0.05, 0, nan, nan, nan
105, 803, 804, 0, -0.05, -0.05, -0.05, 0.05, 0.05, 0.05, 0, nan, nan, nan
106, 805, 806, 0, -0.05, -0.05, -0.05, 0.05, 0.05, 0.05, 0, nan, nan, nan
107, 105, 106, 0, -0.05, -0.05, -0.05, 0.05, 0.05, 0.05, 0, nan, nan, nan
108, 109, 110, 0, -0.05, -0.05, -0.05, 0.05, 0.05, 0.05, 0, nan, nan, nan
109, 807, 808, 0, -0.05, -0.05, -0.05, 0.05, 0.05, 0.05, 0, nan, nan, nan
110, 809, 810, 0, -0.05, -0.05, -0.05, 0.05, 0.05, 0.05, 0, nan, nan, nan
111, 103, 104, 0, -0.05, -0.05, -0.05, 0.05, 0.05, 0.05, 0, nan, nan, nan
112, 119, 120, 0, -0.05, -0.05, -0.05, 0.05, 0.05, 0.05, 0, nan, nan, nan
113, 811, 812, 0, -0.05, -0.05, -0.05, 0.05, 0.05, 0.05, 0, nan, nan, nan
114, 813, 814, 0, -0.05, -0.05, -0.05, 0.05, 0.05, 0.05, 0, nan, nan, nan
115, 113, 114, 0, -0.05, -0.05, -0.05, 0.05, 0.05, 0.05, 0, nan, nan, nan
116, 117, 118, 0, -0.05, -0.05, -0.05, 0.05, 0.05, 0.05, 0, nan, nan, nan
117, 815, 816, 0, -0.05, -0.05, -0.05, 0.05, 0.05, 0.05, 0, nan, nan, nan
118, 817, 818, 0, -0.05, -0.05, -0.05, 0.05, 0.05, 0.05, 0, nan, nan, nan
119, 115, 116, 0, -0.05, -0.05, -0.05, 0.05, 0.05, 0.05, 0, nan, nan, nan
120, 123, 124, 0, -0.05, -0.05, -0.05, 0.05, 0.05, 0.05, 0, nan, nan, nan
121, 819, 820, 0, -0.05, -0.05, -0.05, 0.05, 0.05, 0.05, 0, nan, nan, nan
122, 821, 822, 0, -0.05, -0.05, -0.05, 0.05, 0.05, 0.05, 0, nan, nan, nan
123, 121, 122, 0, -0.05, -0.05, -0.05, 0.05, 0.05, 0.05, 0, nan, nan, nan
124, 125, 126, 0, -0.05, -0.05, -0.05, 0.05, 0.05, 0.05, 0, nan, nan, nan
125, 823, 824, 0, -0.05, -0.05, -0.05, 0.05, 0.05, 0.05, 0, nan, nan, nan
126, 825, 826, 0, -0.05, -0.05, -0.05, 0.05, 0.05, 0.05, 0, nan, nan, nan
127, 63, 64, 0, -0.05, -0.05, -0.05, 0.05, 0.05, 0.05, 0, nan, nan, nan
128, 191, 192, 0, -0.05, -0.05, -0.05, 0.05, 0.05, 0.05, 0, nan, nan, nan
129, 827, 828, 0, -0.05, -0.05, -0.05, 0.05, 0.05, 0.05, 0, nan, nan, nan
130, 829, 830, 0, -0.05, -0.05, -0.05, 0.05, 0.05, 0.05, 0, nan, nan, nan
131, 129, 130, 0, -0.05, -0.05, -0.05, 0.05, 0.05, 0.05, 0, nan, nan, nan
132, 133, 134, 0, -0.05, -0.05, -0.05, 0.05, 0.05, 0.05, 0, nan, nan, nan
133, 831, 832, 0, -0.05, -0.05, -0.05, 0.05, 0.05, 0.05, 0, nan, nan, nan
134, 833, 834, 0, -0.05, -0.05, -0.05, 0.05, 0.05, 0.05, 0, nan, nan, nan
135, 131, 132, 0, -0.05, -0.05, -0.05, 0.05, 0.05, 0.05, 0, nan, nan, nan
136, 139, 140, 0, -0.05, -0.05, -0.05, 0.05, 0.05, 0.05, 0, nan, nan, nan
137, 835, 836, 0, -0.05, -0.05, -0.05, 0.05, 0.05, 0.05, 0, nan, nan, nan
138, 837, 838, 0, -0.05, -0.05, -0.05, 0.05, 0.05, 0.05, 0, nan, nan, nan
139, 137, 138, 0, -0.05, -0.05, -0.05, 0.05, 0.05, 0.05, 0, nan, nan, nan
140, 141, 142, 0, -0.05, -0.05, -0.05, 0.05, 0.05, 0.05, 0, nan, nan, nan
141, 839, 840, 0, -0.05, -0.05, -0.05, 0.05, 0.05, 0.05, 0, nan, nan, nan
142, 841, 842, 0, -0.05, -0.05, -0.05, 0.05, 0.05, 0.05, 0, nan, nan, nan
143, 135, 136, 0, -0.05, -0.05, -0.05, 0.05, 0.05, 0.05, 0, nan, nan, nan
144, 151, 152, 0, -0.05, -0.05, -0.05, 0.05, 0.05, 0.05, 0, nan, nan, nan
145, 843, 844, 0, -0.05, -0.05, -0.05, 0.05, 0.05, 0.05, 0, nan, nan, nan
146, 845, 846, 0, -0.05, -0.05, -0.05, 0.05, 0.05, 0.05, 0, nan, nan, nan
147, 145, 146, 0, -0.05, -0.05, -0.05, 0.05, 0.05, 0.05, 0, nan, nan, nan
148, 149, 150, 0, -0.05, -0.05, -0.05, 0.05, 0.05, 0.05, 0, nan, nan, nan
149, 847, 848, 0, -0.05, -0.05, -0.05, 0.05, 0.05, 0.05, 0, nan, nan, nan
150, 849, 850, 0, -0.05, -0.05, -0.05, 0.05, 0.05, 0.05, 0, nan, nan, nan
151, 147, 148, 0, -0.05, -0.05, -0.05, 0.05, 0.05, 0.05, 0, nan, nan, nan
152, 155, 156, 0, -0.05, -0.05, -0.05, 0.05, 0.05, 0.05, 0, nan, nan, nan
153, 851, 852, 0, -0.05, -0.05, -0.05, 0.05, 0.05, 0.05, 0, nan, nan, nan
154, 853, 854, 0, -0.05, -0.05, -0.05, 0.05, 0.05, 0.05, 0, nan, nan, nan
155, 153, 154, 0, -0.05, -0.05, -0.05, 0.05, 0.05, 0.05, 0, nan, nan, nan
156, 157, 158, 0, -0.05, -0.05, -0.05, 0.05, 0.05, 0.05, 0, nan, nan, nan
157, 855, 856, 0, -0.05, -0.05, -0.05, 0.05, 0.05, 0.05, 0, nan, nan, nan
158, 857, 858, 0, -0.05, -0.05, -0.05, 0.05, 0.05, 0.05, 0, nan, nan, nan
159, 143, 144, 0, -0.05, -0.05, -0.05, 0.05, 0.05, 0.05, 0, nan, nan, nan
160, 175, 176, 0, -0.05, -0.05, -0.05, 0.05, 0.05, 0.05, 0, nan, nan, nan
161, 859, 860, 0, -0.05, -0.05, -0.05, 0.05, 0.05, 0.05, 0, nan, nan, nan
162, 861, 862, 0, -0.05, -0.05, -0.05, 0.05, 0.05, 0.05, 0, nan, nan, nan
163, 161, 162, 0, -0.05, -0.05, -0.05, 0.05, 0.05, 0.05, 0, nan, nan, nan
164, 165, 166, 0, -0.05, -0.05, -0.05, 0.05, 0.05, 0.05, 0, nan, nan, nan
165, 863, 864, 0, -0.05, -0.05, -0.05, 0.05, 0.05, 0.05, 0, nan, nan, nan
166, 865, 866, 0, -0.05, -0.05, -0.05, 0.05, 0.05, 0.05, 0, nan, nan, nan
167, 163, 164, 0, -0.05, -0.05, -0.05, 0.05, 0.05, 0.05, 0, nan, nan, nan
168, 171, 172, 0, -0.05, -0.05, -0.05, 0.05, 0.05, 0.05, 0, nan, nan, nan
169, 867, 868, 0, -0.05, -0.05, -0.05, 0.05, 0.05, 0.05, 0, nan, nan, nan
170, 869, 870, 0, -0.05, -0.05, -0.05, 0.05, 0.05, 0.05, 0, nan, nan, nan
171, 169, 170, 0, -0.05, -0.05, -0.05, 0.05, 0.05, 0.05, 0, nan, nan, nan
172, 173, 174, 0, -0.05, -0.05, -0.05, 0.05, 0.05, 0.05, 0, nan, nan, nan
173, 871, 872, 0, -0.05, -0.05, -0.05, 0.05, 0.05, 0.05, 0, nan, nan, nan
174, 873, 874, 0, -0.05, -0.05, -0.05, 0.05, 0.05, 0.05, 0, nan, nan, nan
175, 167, 168, 0, -0.05, -0.05, -0.05, 0.05, 0.05, 0.05, 0, nan, nan, nan
176, 183, 184, 0, -0.05, -0.05, -0.05, 0.05, 0.05, 0.05, 0, nan, nan, nan
177, 875, 876, 0, -0.05, -0.05, -0.05, 0.05, 0.05, 0.05, 0, nan, nan, nan
178, 877, 878, 0, -0.05, -0.05, -0.05, 0.05, 0.05, 0.05, 0, nan, nan, nan
179, 177, 178, 0, -0.05, -0.05, -0.05, 0.05, 0.05, 0.05, 0, nan, nan, nan
180, 181, 182, 0, -0.05, -0.05, -0.05, 0.05, 0.05, 0.05, 0, nan, nan, nan
181, 879, 880, 0, -0.05, -0.05, -0.05, 0.05, 0.05, 0.05, 0, nan, nan, nan
182, 881, 882, 0, -0.05, -0.05, -0.05, 0.05, 0.05, 0.05, 0, nan, nan, nan
183, 179, 180, 0, -0.05, -0.05, -0.05, 0.05, 0.05, 0.05, 0, nan, nan, nan
184, 187, 188, 0, -0.05, -0.05, -0.05, 0.05, 0.05, 0.05, 0, nan, nan, nan
185, 883, 884, 0, -0.05, -0.05, -0.05, 0.05, 0.05, 0.05, 0, nan, nan, nan
186, 885, 886, 0, -0.05, -0.05, -0.05, 0.05, 0.05, 0.05, 0, nan, nan, nan
187, 185, 186, 0, -0.05, -0.05, -0.05, 0.05, 0.05, 0.05, 0, nan, nan, nan
188, 189, 190, 0, -0.05, -0.05, -0.05, 0.05, 0.05, 0.05, 0, nan, nan, nan
189, 887, 888, 0, -0.05, -0.05, -0.05, 0.05, 0.05, 0.05, 0, nan, nan, nan
190, 889, 890, 0, -0.05, -0.05, -0.05, 0.05, 0.05, 0.05, 0, nan, nan, nan
191, 159, 160, 0, -0.05, -0.05, -0.05, 0.05, 0.05, 0.05, 0, nan, nan, nan
192, 223, 224, 0, -0.05, -0.05, -0.05, 0.05, 0.05, 0.05, 0, nan, nan, nan
193, 891, 892, 0, -0.05, -0.05, -0.05, 0.05, 0.05, 0.05, 0, nan, nan, nan
194, 893, 894, 0, -0.05, -0.05, -0.05, 0.05, 0.05, 0.05, 0, nan, nan, nan
195, 193, 194, 0, -0.05, -0.05, -0.05, 0.05, 0.05, 0.05, 0, nan, nan, nan
196, 197, 198, 0, -0.05, -0.05, -0.05, 0.05, 0.05, 0.05, 0, nan, nan, nan
197, 895, 896, 0, -0.05, -0.05, -0.05, 0.05, 0.05, 0.05, 0, nan, nan, nan
198, 897, 898, 0, -0.05, -0.05, -0.05, 0.05, 0.05, 0.05, 0, nan, nan, nan
199, 195, 196, 0, -0.05, -0.05, -0.05, 0.05, 0.05, 0.05, 0, nan, nan, nan
200, 203, 204, 0, -0.05, -0.05, -0.05, 0.05, 0.05, 0.05, 0, nan, nan, nan
201, 899, 900, 0, -0.05, -0.05, -0.05, 0.05, 0.05, 0.05, 0, nan, nan, nan
202, 901, 902, 0, -0.05, -0.05, -0.05, 0.05, 0.05, 0.05, 0, nan, nan, nan
203, 201, 202, 0, -0.05, -0.05, -0.05, 0.05, 0.05, 0.05, 0, nan, nan, nan
204, 205, 206, 0, -0.05, -0.05, -0.05, 0.05, 0.05, 0.05, 0, nan, nan, nan
205, 903, 904, 0, -0.05, -0.05, -0.05, 0.05, 0.05, 0.05, 0, nan, nan, nan
206, 905, 906, 0, -0.05, -0.05, -0.05, 0.05, 0.05, 0.05, 0, nan, nan, nan
207, 199, 200, 0, -0.05, -0.05, -0.05, 0.05, 0.05, 0.05, 0, nan, nan, nan
208, 215, 216, 0, -0.05, -0.05, -0.05, 0.05, 0.05, 0.05, 0, nan, nan, nan
209, 907, 908, 0, -0.05, -0.05, -0.05, 0.05, 0.05, 0.05, 0, nan, nan, nan
210, 909, 910, 0, -0.05, -0.05, -0.05, 0.05, 0.05, 0.05, 0, nan, nan, nan
211, 209, 210, 0, -0.05, -0.05, -0.05, 0.05, 0.05, 0.05, 0, nan, nan, nan
212, 213, 214, 0, -0.05, -0.05, -0.05, 0.05, 0.05, 0.05, 0, nan, nan, nan
213, 911, 912, 0, -0.05, -0.05, -0.05, 0.05, 0.05, 0.05, 0, nan, nan, nan
214, 913, 914, 0, -0.05, -0.05, -0.05, 0.05, 0.05, 0.05, 0, nan, nan, nan
215, 211, 212, 0, -0.05, -0.05, -0.05, 0.05, 0.05, 0.05, 0, nan, nan, nan
216, 219, 220, 0, -0.05, -0.05, -0.05, 0.05, 0.05, 0.05, 0, nan, nan, nan
217, 915, 916, 0, -0.05, -0.05, -0.05, 0.05, 0.05, 0.05, 0, nan, nan, nan
218, 917, 918, 0, -0.05, -0.05, -0.05, 0.05, 0.05, 0.05, 0, nan, nan, nan
219, 217, 218, 0, -0.05, -0.05, -0.05, 0.05, 0.05, 0.05, 0, nan, nan, nan
220, 221, 222, 0, -0.05, -0.05, -0.05, 0.05, 0.05, 0.05, 0, nan, nan, nan
221, 919, 920, 0, -0.05, -0.05, -0.05, 0.05, 0.05, 0.05, 0, nan, nan, nan
222, 921, 922, 0, -0.05, -0.05, -0.05, 0.05, 0.05, 0.05, 0, nan, nan, nan
223, 207, 208, 0, -0.05, -0.05, -0.05, 0.05, 0.05, 0.05, 0, nan, nan, nan
224, 239, 240, 0, -0.05, -0.05, -0.05, 0.05, 0.05, 0.05, 0, nan, nan, nan
225, 923, 924, 0, -0.05, -0.05, -0.05, 0.05, 0.05, 0.05, 0, nan, nan, nan
226, 925, 926, 0, -0.05, -0.05, -0.05, 0.05, 0.05, 0.05, 0, nan, nan, nan
227, 225, 226, 0, -0.05, -0.05, -0.05, 0.05, 0.05, 0.05, 0, nan, nan, nan
228, 229, 230, 0, -0.05, -0.05, -0.05, 0.05, 0.05, 0.05, 0, nan, nan, nan
229, 927, 928, 0, -0.05, -0.05, -0.05, 0.05, 0.05, 0.05, 0, nan, nan, nan
230, 929, 930, 0, -0.05, -0.05, -0.05, 0.05, 0.05, 0.05, 0, nan, nan, nan
231, 227, 228, 0, -0.05, -0.05, -0.05, 0.05, 0.05, 0.05, 0, nan, nan, nan
232, 235, 236, 0, -0.05, -0.05, -0.05, 0.05, 0.05, 0.05, 0, nan, nan, nan
233, 931, 932, 0, -0.05, -0.05, -0.05, 0.05, 0.05, 0.05, 0, nan, nan, nan
234, 933, 934, 0, -0.05, -0.05, -0.05, 0.05, 0.05, 0.05, 0, nan, nan, nan
235, 233, 234, 0, -0.05, -0.05, -0.05, 0.05, 0.05, 0.05, 0, nan, nan, nan
236, 237, 238, 0, -0.05, -0.05, -0.05, 0.05, 0.05, 0.05, 0, nan, nan, nan
237, 935, 936, 0, -0.05, -0.05, -0.05, 0.05, 0.05, 0.05, 0, nan, nan, nan
238, 937, 938, 0, -0.05, -0.05, -0.05, 0.05, 0.05, 0.05, 0, nan, nan, nan
239, 231, 232, 0, -0.05, -0.05, -0.05, 0.05, 0.05, 0.05, 0, nan, nan, nan
240, 247, 248, 0, -0.05, -0.05, -0.05, 0.05, 0.05, 0.05, 0, nan, nan, nan
241, 939, 940, 0, -0.05, -0.05, -0.05, 0.05, 0.05, 0.05, 0, nan, nan, nan
242, 941, 942, 0, -0.05, -0.05, -0.05, 0.05, 0.05, 0.05, 0, nan, nan, nan
243, 241, 242, 0, -0.05, -0.05, -0.05, 0.05, 0.05, 0.05, 0, nan, nan, nan
244, 245, 246, 0, -0.05, -0.05, -0.05, 0.05, 0.05, 0.05, 0, nan, nan, nan
245, 943, 944, 0, -0.05, -0.05, -0.05, 0.05, 0.05, 0.05, 0, nan, nan, nan
246, 945, 946, 0, -0.05, -0.05, -0.05, 0.05, 0.05, 0.05, 0, nan, nan, nan
247, 243, 244, 0, -0.05, -0.05, -0.05, 0.05, 0.05, 0.05, 0, nan, nan, nan
248, 251, 252, 0, -0.05, -0.05, -0.05, 0.05, 0.05, 0.05, 0, nan, nan, nan
249, 947, 948, 0, -0.05, -0.05, -0.05, 0.05, 0.05, 0.05, 0, nan, nan, nan
250, 949, 950, 0, -0.05, -0.05, -0.05, 0.05, 0.05, 0.05, 0, nan, nan, nan
251, 249, 250, 0, -0.05, -0.05, -0.05, 0.05, 0.05, 0.05, 0, nan, nan, nan
252, 253, 254, 0, -0.05, -0.05, -0.05, 0.05, 0.05, 0.05, 0, nan, nan, nan
253, 951, 952, 0, -0.05, -0.05, -0.05, 0.05, 0.05, 0.05, 0, nan, nan, nan
254, 953, 954, 0, -0.05, -0.05, -0.05, 0.05, 0.05, 0.05, 0, nan, nan, nan
255, 127, 128, 0, -0.05, -0.05, -0.05, 0.05, 0.05, 0.05, 0, nan, nan, nan
256, 383, 384, 0, -0.05, -0.05, -0.05, 0.05, 0.05, 0.05, 0, nan, nan, nan
257, 955, 956, 0, -0.05, -0.05, -0.05, 0.05, 0.05, 0.05, 0, nan, nan, nan
258, 957, 958, 0, -0.05, -0.05, -0.05, 0.05, 0.05, 0.05, 0, nan, nan, nan
259, 257, 258, 0, -0.05, -0.05, -0.05, 0.05, 0.05, 0.05, 0, nan, nan, nan
260, 261, 262, 0, -0.05, -0.05, -0.05, 0.05, 0.05, 0.05, 0, nan, nan, nan
261, 959, 960, 0, -0.05, -0.05, -0.05, 0.05, 0.05, 0.05, 0, nan, nan, nan
262, 961, 962, 0, -0.05, -0.05, -0.05, 0.05, 0.05, 0.05, 0, nan, nan, nan
263, 259, 260, 0, -0.05, -0.05, -0.05, 0.05, 0.05, 0.05, 0, nan, nan, nan
264, 267, 268, 0, -0.05, -0.05, -0.05, 0.05, 0.05, 0.05, 0, nan, nan, nan
265, 963, 964, 0, -0.05, -0.05, -0.05, 0.05, 0.05, 0.05, 0, nan, nan, nan
266, 965, 966, 0, -0.05, -0.05, -0.05, 0.05, 0.05, 0.05, 0, nan, nan, nan
267, 265, 266, 0, -0.05, -0.05, -0.05, 0.05, 0.05, 0.05, 0, nan, nan, nan
268, 269, 270, 0, -0.05, -0.05, -0.05, 0.05, 0.05, 0.05, 0, nan, nan, nan
269, 967, 968, 0, -0.05, -0.05, -0.05, 0.05, 0.05, 0.05, 0, nan, nan, nan
270, 969, 970, 0, -0.05, -0.05, -0.05, 0.05, 0.05, 0.05, 0, nan, nan, nan
271, 263, 264, 0, -0.05, -0.05, -0.05, 0.05, 0.05, 0.05, 0, nan, nan, nan
272, 279, 280, 0, -0.05, -0.05, -0.05, 0.05, 0.05, 0.05, 0, nan, nan, nan
273, 971, 972, 0, -0.05, -0.05, -0.05, 0.05, 0.05, 0.05, 0, nan, nan, nan
274, 973, 974, 0, -0.05, -0.05, -0.05, 0.05, 0.05, 0.05, 0, nan, nan, nan
275, 273, 274, 0, -0.05, -0.05, -0.05, 0.05, 0.05, 0.05, 0, nan, nan, nan
276, 277, 278, 0, -0.05, -0.05, -0.05, 0.05, 0.05, 0.05, 0, nan, nan, nan
277, 975, 976, 0, -0.05, -0.05, -0.05, 0.05, 0.05, 0.05, 0, nan, nan, nan
278, 977, 978, 0, -0.05, -0.05, -0.05, 0.05, 0.05, 0.05, 0, nan, nan, nan
279, 275, 276, 0, -0.05, -0.05, -0.05, 0.05, 0.05, 0.05, 0, nan, nan, nan
280, 283, 284, 0, -0.05, -0.05, -0.05, 0.05, 0.05, 0.05, 0, nan, nan, nan
281, 979, 980, 0, -0.05, -0.05, -0.05, 0.05, 0.05, 0.05, 0, nan, nan, nan
282, 981, 982, 0, -0.05, -0.05, -0.05, 0.05, 0.05, 0.05, 0, nan, nan, nan
283, 281, 282, 0, -0.05, -0.05, -0.05, 0.05, 0.05, 0.05, 0, nan, nan, nan
284, 285, 286, 0, -0.05, -0.05, -0.05, 0.05, 0.05, 0.05, 0, nan, nan, nan
285, 983, 984, 0, -0.05, -0.05, -0.05, 0.05, 0.05, 0.05, 0, nan, nan, nan
286, 985, 986, 0, -0.05, -0.05, -0.05, 0.05, 0.05, 0.05, 0, nan, nan, nan
287, 271, 272, 0, -0.05, -0.05, -0.05, 0.05, 0.05, 0.05, 0, nan, nan, nan
288, 303, 304, 0, -0.05, -0.05, -0.05, 0.05, 0.05, 0.05, 0, nan, nan, nan
289, 987, 988, 0, -0.05, -0.05, -0.05, 0.05, 0.05, 0.05, 0, nan, nan, nan
290, 989, 990, 0, -0.05, -0.05, -0.05, 0.05, 0.05, 0.05, 0, nan, nan, nan
291, 289, 290, 0, -0.05, -0.05, -0.05, 0.05, 0.05, 0.05, 0, nan, nan, nan
292, 293, 294, 0, -0.05, -0.05, -0.05, 0.05, 0.05, 0.05, 0, nan, nan, nan
293, 991, 992, 0, -0.05, -0.05, -0.05, 0.05, 0.05, 0.05, 0, nan, nan, nan
294, 993, 994, 0, -0.05, -0.05, -0.05, 0.05, 0.05, 0.05, 0, nan, nan, nan
295, 291, 292, 0, -0.05, -0.05, -0.05, 0.05, 0.05, 0.05, 0, nan, nan, nan
296, 299, 300, 0, -0.05, -0.05, -0.05, 0.05, 0.05, 0.05, 0, nan, nan, nan
297, 995, 996, 0, -0.05, -0.05, -0.05, 0.05, 0.05, 0.05, 0, nan, nan, nan
298, 997, 998, 0, -0.05, -0.05, -0.05, 0.05, 0.05, 0.05, 0, nan, nan, nan
299, 297, 298, 0, -0.05, -0.05, -0.05, 0.05, 0.05, 0.05, 0, nan, nan, nan
300, 301, 302, 0, -0.05, -0.05, -0.05, 0.05, 0.05, 0.05, 0, nan, nan, nan
301, 999, 1000, 0, -0.05, -0.05, -0.05, 0.05, 0.05, 0.05, 0, nan, nan, nan
302, 1001, 1002, 0, -0.05, -0.05, -0.05, 0.05, 0.05, 0.05, 0, nan, nan, nan
303, 295, 296, 0, -0.05, -0.05, -0.05, 0.05, 0.05, 0.05, 0, nan, nan, nan
304, 311, 312, 0, -0.05, -0.05, -0.05, 0.05, 0.05, 0.05, 0, nan, nan, nan
305, 1003, 1004, 0, -0.05, -0.05, -0.05, 0.05, 0.05, 0.05, 0, nan, nan, nan
306, 1005, 1006, 0, -0.05, -0.05, -0.05, 0.05, 0.05, 0.05, 0, nan, nan, nan
307, 305, 306, 0, -0.05, -0.05, -0.05, 0.05, 0.05, 0.05, 0, nan, nan, nan
308, 309, 310, 0, -0.05, -0.05, -0.05, 0.05, 0.05, 0.05, 0, nan, nan, nan
309, 1007, 1008, 0, -0.05, -0.05, -0.05, 0.05, 0.05, 0.05, 0, nan, nan, nan
310, 1009, 1010, 0, -0.05, -0.05, -0.05, 0.05, 0.05, 0.05, 0, nan, nan, nan
311, 307, 308, 0, -0.05, -0.05, -0.05, 0.05, 0.05, 0.05, 0, nan, nan, nan
312, 315, 316, 0, -0.05, -0.05, -0.05, 0.05, 0.05, 0.05, 0, nan, nan, nan
313, 1011, 1012, 0, -0.05, -0.05, -0.05, 0.05, 0.05, 0.05, 0, nan, nan, nan
314, 1013, 1014, 0, -0.05, -0.05, -0.05, 0.05, 0.05, 0.05, 0, nan, nan, nan
315, 313, 314, 0, -0.05, -0.05, -0.05, 0.05, 0.05, 0.05, 0, nan, nan, nan
316, 317, 318, 0, -0.05, -0.05, -0.05, 0.05, 0.05, 0.05, 0, nan, nan, nan
317, 1015, 1016, 0, -0.05, -0.05, -0.05, 0.05, 0.05, 0.05, 0, nan, nan, nan
318, 1017, 1018, 0, -0.05, -0.05, -0.05, 0.05, 0.05, 0.05, 0, nan, nan, nan
319, 287, 288, 0, -0.05, -0.05, -0.05, 0.05, 0.05, 0.05, 0, nan, nan, nan
320, 351, 352, 0, -0.05, -0.05, -0.05, 0.05, 0.05, 0.05, 0, nan, nan, nan
321, 1019, 1020, 0, -0.05, -0.05, -0.05, 0.05, 0.05, 0.05, 0, nan, nan, nan
322, 1021, 1022, 0, -0.05, -0.05, -0.05, 0.05, 0.05, 0.05, 0, nan, nan, nan
323, 321, 322, 0, -0.05, -0.05, -0.05, 0.05, 0.05, 0.05, 0, nan, nan, nan
324, 325, 326, 0, -0.05, -0.05, -0.05, 0.05, 0.05, 0.05, 0, nan, nan, nan
325, 1023, 1024, 0, -0.05, -0.05, -0.05, 0.05, 0.05, 0.05, 0, nan, nan, nan
326, 1025, 1026, 0, -0.05, -0.05, -0.05, 0.05, 0.05, 0.05, 0, nan, nan, nan
327, 323, 324, 0, -0.05, -0.05, -0.05, 0.05, 0.05, 0.05, 0, nan, nan, nan
328, 331, 332, 0, -0.05, -0.05, -0.05, 0.05, 0.05, 0.05, 0, nan, nan, nan
329, 1027, 1028, 0, -0.05, -0.05, -0.05, 0.05, 0.05, 0.05, 0, nan, nan, nan
330, 1029, 1030, 0, -0.05, -0.05, -0.05, 0.05, 0.05, 0.05, 0, nan, nan, nan
331, 329, 330, 0, -0.05, -0.05, -0.05, 0.05, 0.05, 0.05, 0, nan, nan, nan
332, 333, 334, 0, -0.05, -0.05, -0.05, 0.05, 0.05, 0.05, 0, nan, nan, nan
333, 1031, 1032, 0, -0.05, -0.05, -0.05, 0.05, 0.05, 0.05, 0, nan, nan, nan
334, 1033, 1034, 0, -0.05, -0.05, -0.05, 0.05, 0.05, 0.05, 0, nan, nan, nan
335, 327, 328, 0, -0.05, -0.05, -0.05, 0.05, 0.05, 0.05, 0, nan, nan, nan
336, 343, 344, 0, -0.05, -0.05, -0.05, 0.05, 0.05, 0.05, 0, nan, nan, nan
337, 1035, 1036, 0, -0.05, -0.05, -0.05, 0.05, 0.05, 0.05, 0, nan, nan, nan
338, 1037, 1038, 0, -0.05, -0.05, -0.05, 0.05, 0.05, 0.05, 0, nan, nan, nan
339, 337, 338, 0, -0.05, -0.05, -0.05, 0.05, 0.05, 0.05, 0, nan, nan, nan
340, 341, 342, 0, -0.05, -0.05, -0.05, 0.05, 0.05, 0.05, 0, nan, nan, nan
341, 1039, 1040, 0, -0.05, -0.05, -0.05, 0.05, 0.05, 0.05, 0, nan, nan, nan
342, 1041, 1042, 0, -0.05, -0.05, -0.05, 0.05, 0.05, 0.05, 0, nan, nan, nan
343, 339, 340, 0, -0.05, -0.05, -0.05, 0.05, 0.05, 0.05, 0, nan, nan, nan
344, 347, 348, 0, -0.05, -0.05, -0.05, 0.05, 0.05, 0.05, 0, nan, nan, nan
345, 1043, 1044, 0, -0.05, -0.05, -0.05, 0.05, 0.05, 0.05, 0, nan, nan, nan
346, 1045, 1046, 0, -0.05, -0.05, -0.05, 0.05, 0.05, 0.05, 0, nan, nan, nan
347, 345, 346, 0, -0.05, -0.05, -0.05, 0.05, 0.05, 0.05, 0, nan, nan, nan
348, 349, 350, 0, -0.05, -0.05, -0.05, 0.05, 0.05, 0.05, 0, nan, nan, nan
349, 1047, 1048, 0, -0.05, -0.05, -0.05, 0.05, 0.05, 0.05, 0, nan, nan, nan
350, 1049, 1050, 0, -0.05, -0.05, -0.05, 0.05, 0.05, 0.05, 0, nan, nan, nan
351, 335, 336, 0, -0.05, -0.05, -0.05, 0.05, 0.05, 0.05, 0, nan, nan, nan
352, 367, 368, 0, -0.05, -0.05, -0.05, 0.05, 0.05, 0.05, 0, nan, nan, nan
353, 1051, 1052, 0, -0.05, -0.05, -0.05, 0.05, 0.05, 0.05, 0, nan, nan, nan
354, 1053, 1054, 0, -0.05, -0.05, -0.05, 0.05, 0.05, 0.05, 0, nan, nan, nan
355, 353, 354, 0, -0.05, -0.05, -0.05, 0.05, 0.05, 0.05, 0, nan, nan, nan
356, 357, 358, 0, -0.05, -0.05, -0.05, 0.05, 0.05, 0.05, 0, nan, nan, nan
357, 1055, 1056, 0, -0.05, -0.05, -0.05, 0.05, 0.05, 0.05, 0, nan, nan, nan
358, 1057, 1058, 0, -0.05, -0.05, -0.05, 0.05, 0.05, 0.05, 0, nan, nan, nan
359, 355, 356, 0, -0.05, -0.05, -0.05, 0.05, 0.05, 0.05, 0, nan, nan, nan
360, 363, 364, 0, -0.05, -0.05, -0.05, 0.05, 0.05, 0.05, 0, nan, nan, nan
361, 1059, 1060, 0, -0.05, -0.05, -0.05, 0.05, 0.05, 0.05, 0, nan, nan, nan
362, 1061, 1062, 0, -0.05, -0.05, -0.05, 0.05, 0.05, 0.05, 0, nan, nan, nan
363, 361, 362, 0, -0.05, -0.05, -0.05, 0.05, 0.05, 0.05, 0, nan, nan, nan
364, 365, 366, 0, -0.05, -0.05, -0.05, 0.05, 0.05, 0.05, 0, nan, nan, nan
365, 1063, 1064, 0, -0.05, -0.05, -0.05, 0.05, 0.05, 0.05, 0, nan, nan, nan
366, 1065, 1066, 0, -0.05, -0.05, -0.05, 0.05, 0.05, 0.05, 0, nan, nan, nan
367, 359, 360, 0, -0.05, -0.05, -0.05, 0.05, 0.05, 0.05, 0, nan, nan, nan
368, 375, 376, 0, -0.05, -0.05, -0.05, 0.05, 0.05, 0.05, 0, nan, nan, nan
369, 1067, 1068, 0, -0.05, -0.05, -0.05, 0.05, 0.05, 0.05, 0, nan, nan, nan
370, 1069, 1070, 0, -0.05, -0.05, -0.05, 0.05, 0.05, 0.05, 0, nan, nan, nan
371, 369, 370, 0, -0.05, -0.05, -0.05, 0.05, 0.05, 0.05, 0, nan, nan, nan
372, 373, 374, 0, -0.05, -0.05, -0.05, 0.05, 0.05, 0.05, 0, nan, nan, nan
373, 1071, 1072, 0, -0.05, -0.05, -0.05, 0.05, 0.05, 0.05, 0, nan, nan, nan
374, 1073, 1074, 0, -0.05, -0.05, -0.05, 0.05, 0.05, 0.05, 0, nan, nan, nan
375, 371, 372, 0, -0.05, -0.05, -0.05, 0.05, 0.05, 0.05, 0, nan, nan, nan
376, 379, 380, 0, -0.05, -0.05, -0.05, 0.05, 0.05, 0.05, 0, nan, nan, nan
377, 1075, 1076, 0, -0.05, -0.05, -0.05, 0.05, 0.05, 0.05, 0, nan, nan, nan
378, 1077, 1078, 0, -0.05, -0.05, -0.05, 0.05, 0.05, 0.05, 0, nan, nan, nan
379, 377, 378, 0, -0.05, -0.05, -0.05, 0.05, 0.05, 0.05, 0, nan, nan, nan
380, 381, 382, 0, -0.05, -0.05, -0.05, 0.05, 0.05, 0.05, 0, nan, nan, nan
381, 1079, 1080, 0, -0.05, -0.05, -0.05, 0.05, 0.05, 0.05, 0, nan, nan, nan
382, 1081, 1082, 0, -0.05, -0.05, -0.05, 0.05, 0.05, 0.05, 0, nan, nan, nan
383, 319, 320, 0, -0.05, -0.05, -0.05, 0.05, 0.05, 0.05, 0, nan, nan, nan
384, 447, 448, 0, -0.05, -0.05, -0.05, 0.05, 0.05, 0.05, 0, nan, nan, nan
385, 1083, 1084, 0, -0.05, -0.05, -0.05, 0.05, 0.05, 0.05, 0, nan, nan, nan
386, 1085, 1086, 0, -0.05, -0.05, -0.05, 0.05, 0.05, 0.05, 0, nan, nan, nan
387, 385, 386, 0, -0.05, -0.05, -0.05, 0.05, 0.05, 0.05, 0, nan, nan, nan
388, 389, 390, 0, -0.05, -0.05, -0.05, 0.05, 0.05, 0.05, 0, nan, nan, nan
389, 1087, 1088, 0, -0.05, -0.05, -0.05, 0.05, 0.05, 0.05, 0, nan, nan, nan
390, 1089, 1090, 0, -0.05, -0.05, -0.05, 0.05, 0.05, 0.05, 0, nan, nan, nan
391, 387, 388, 0, -0.05, -0.05, -0.05, 0.05, 0.05, 0.05, 0, nan, nan, nan
392, 395, 396, 0, -0.05, -0.05, -0.05, 0.05, 0.05, 0.05, 0, nan, nan, nan
393, 1091, 1092, 0, -0.05, -0.05, -0.05, 0.05, 0.05, 0.05, 0, nan, nan, nan
394, 1093, 1094, 0, -0.05, -0.05, -0.05, 0.05, 0.05, 0.05, 0, nan, nan, nan
395, 393, 394, 0, -0.05, -0.05, -0.05, 0.05, 0.05, 0.05, 0, nan, nan, nan
396, 397, 398, 0, -0.05, -0.05, -0.05, 0.05, 0.05, 0.05, 0, nan, nan, nan
397, 1095, 1096, 0, -0.05, -0.05, -0.05, 0.05, 0.05, 0.05, 0, nan, nan, nan
398, 1097, 1098, 0, -0.05, -0.05, -0.05, 0.05, 0.05, 0.05, 0, nan, nan, nan
399, 391, 392, 0, -0.05, -0.05, -0.05, 0.05, 0.05, 0.05, 0, nan, nan, nan
400, 407, 408, 0, -0.05, -0.05, -0.05, 0.05, 0.05, 0.05, 0, nan, nan, nan
401, 1099, 1100, 0, -0.05, -0.05, -0.05, 0.05, 0.05, 0.05, 0, nan, nan, nan
402, 1101, 1102, 0, -0.05, -0.05, -0.05, 0.05, 0.05, 0.05, 0, nan, nan, nan
403, 401, 402, 0, -0.05, -0.05, -0.05, 0.05, 0.05, 0.05, 0, nan, nan, nan
404, 405, 406, 0, -0.05, -0.05, -0.05, 0.05, 0.05, 0.05, 0, nan, nan, nan
405, 1103, 1104, 0, -0.05, -0.05, -0.05, 0.05, 0.05, 0.05, 0, nan, nan, nan
406, 1105, 1106, 0, -0.05, -0.05, -0.05, 0.05, 0.05, 0.05, 0, nan, nan, nan
407, 403, 404, 0, -0.05, -0.05, -0.05, 0.05, 0.05, 0.05, 0, nan, nan, nan
408, 411, 412, 0, -0.05, -0.05, -0.05, 0.05, 0.05, 0.05, 0, nan, nan, nan
409, 1107, 1108, 0, -0.05, -0.05, -0.05, 0.05, 0.05, 0.05, 0, nan, nan, nan
410, 1109, 1110, 0, -0.05, -0.05, -0.05, 0.05, 0.05, 0.05, 0, nan, nan, nan
411, 409, 410, 0, -0.05, -0.05, -0.05, 0.05, 0.05, 0.05, 0, nan, nan, nan
412, 413, 414, 0, -0.05, -0.05, -0.05, 0.05, 0.05, 0.05, 0, nan, nan, nan
413, 1111, 1112, 0, -0.05, -0.05, -0.05, 0.05, 0.05, 0.05, 0, nan, nan, nan
414, 1113, 1114, 0, -0.05, -0.05, -0.05, 0.05, 0.05, 0.05, 0, nan, nan, nan
415, 399, 400, 0, -0.05, -0.05, -0.05, 0.05, 0.05, 0.05, 0, nan, nan, nan
416, 431, 432, 0, -0.05, -0.05, -0.05, 0.05, 0.05, 0.05, 0, nan, nan, nan
417, 1115, 1116, 0, -0.05, -0.05, -0.05, 0.05, 0.05, 0.05, 0, nan, nan, nan
418, 1117, 1118, 0, -0.05, -0.05, -0.05, 0.05, 0.05, 0.05, 0, nan, nan, nan
419, 417, 418, 0, -0.05, -0.05, -0.05, 0.05, 0.05, 0.05, 0, nan, nan, nan
420, 421, 422, 0, -0.05, -0.05, -0.05, 0.05, 0.05, 0.05, 0, nan, nan, nan
421, 1119, 1120, 0, -0.05, -0.05, -0.05, 0.05, 0.05, 0.05, 0, nan, nan, nan
422, 1121, 1122, 0, -0.05, -0.05, -0.05, 0.05, 0.05, 0.05, 0, nan, nan, nan
423, 419, 420, 0, -0.05, -0.05, -0.05, 0.05, 0.05, 0.05, 0, nan, nan, nan
424, 427, 428, 0, -0.05, -0.05, -0.05, 0.05, 0.05, 0.05, 0, nan, nan, nan
425, 1123, 1124, 0, -0.05, -0.05, -0.05, 0.05, 0.05, 0.05, 0, nan, nan, nan
426, 1125, 1126, 0, -0.05, -0.05, -0.05, 0.05, 0.05, 0.05, 0, nan, nan, nan
427, 425, 426, 0, -0.05, -0.05, -0.05, 0.05, 0.05, 0.05, 0, nan, nan, nan
428, 429, 430, 0, -0.05, -0.05, -0.05, 0.05, 0.05, 0.05, 0, nan, nan, nan
429, 1127, 1128, 0, -0.05, -0.05, -0.05, 0.05, 0.05, 0.05, 0, nan, nan, nan
430, 1129, 1130, 0, -0.05, -0.05, -0.05, 0.05, 0.05, 0.05, 0, nan, nan, nan
431, 423, 424, 0, -0.05, -0.05, -0.05, 0.05, 0.05, 0.05, 0, nan, nan, nan
432, 439, 440, 0, -0.05, -0.05, -0.05, 0.05, 0.05, 0.05, 0, nan, nan, nan
433, 1131, 1132, 0, -0.05, -0.05, -0.05, 0.05, 0.05, 0.05, 0, nan, nan, nan
434, 1133, 1134, 0, -0.05, -0.05, -0.05, 0.05, 0.05, 0.05, 0, nan, nan, nan
435, 433, 434, 0, -0.05, -0.05, -0.05, 0.05, 0.05, 0.05, 0, nan, nan, nan
436, 437, 438, 0, -0.05, -0.05, -0.05, 0.05, 0.05, 0.05, 0, nan, nan, nan
437, 1135, 1136, 0, -0.05, -0.05, -0.05, 0.05, 0.05, 0.05, 0, nan, nan, nan
438, 1137, 1138, 0, -0.05, -0.05, -0.05, 0.05, 0.05, 0.05, 0, nan, nan, nan
439, 435, 436, 0, -0.05, -0.05, -0.05, 0.05, 0.05, 0.05, 0, nan, nan, nan
440, 443, 444, 0, -0.05, -0.05, -0.05, 0.05, 0.05, 0.05, 0, nan, nan, nan
441, 1139, 1140, 0, -0.05, -0.05, -0.05, 0.05, 0.05, 0.05, 0, nan, nan, nan
442, 1141, 1142, 0, -0.05, -0.05, -0.05, 0.05, 0.05, 0.05, 0, nan, nan, nan
443, 441, 442, 0, -0.05, -0.05, -0.05, 0.05, 0.05, 0.05, 0, nan, nan, nan
444, 445, 446, 0, -0.05, -0.05, -0.05, 0.05, 0.05, 0.05, 0, nan, nan, nan
445, 1143, 1144, 0, -0.05, -0.05, -0.05, 0.05, 0.05, 0.05, 0, nan, nan, nan
446, 1145, 1146, 0, -0.05, -0.05, -0.05, 0.05, 0.05, 0.05, 0, nan, nan, nan
447, 415, 416, 0, -0.05, -0.05, -0.05, 0.05, 0.05, 0.05, 0, nan, nan, nan
448, 479, 480, 0, -0.05, -0.05, -0.05, 0.05, 0.05, 0.05, 0, nan, nan, nan
449, 1147, 1148, 0, -0.05, -0.05, -0.05, 0.05, 0.05, 0.05, 0, nan, nan, nan
450, 1149, 1150, 0, -0.05, -0.05, -0.05, 0.05, 0.05, 0.05, 0, nan, nan, nan
451, 449, 450, 0, -0.05, -0.05, -0.05, 0.05, 0.05, 0.05, 0, nan, nan, nan
452, 453, 454, 0, -0.05, -0.05, -0.05, 0.05, 0.05, 0.05, 0, nan, nan, nan
453, 1151, 1152, 0, -0.05, -0.05, -0.05, 0.05, 0.05, 0.05, 0, nan, nan, nan
454, 1153, 1154, 0, -0.05, -0.05, -0.05, 0.05, 0.05, 0.05, 0, nan, nan, nan
455, 451, 452, 0, -0.05, -0.05, -0.05, 0.05, 0.05, 0.05, 0, nan, nan, nan
456, 459, 460, 0, -0.05, -0.05, -0.05, 0.05, 0.05, 0.05, 0, nan, nan, nan
457, 1155, 1156, 0, -0.05, -0.05, -0.05, 0.05, 0.05, 0.05, 0, nan, nan, nan
458, 1157, 1158, 0, -0.05, -0.05, -0.05, 0.05, 0.05, 0.05, 0, nan, nan, nan
459, 457, 458, 0, -0.05, -0.05, -0.05, 0.05, 0.05, 0.05, 0, nan, nan, nan
460, 461, 462, 0, -0.05, -0.05, -0.05, 0.05, 0.05, 0.05, 0, nan, nan, nan
461, 1159, 1160, 0, -0.05, -0.05, -0.05, 0.05, 0.05, 0.05, 0, nan, nan, nan
462, 1161, 1162, 0, -0.05, -0.05, -0.05, 0.05, 0.05, 0.05, 0, nan, nan, nan
463, 455, 456, 0, -0.05, -0.05, -0.05, 0.05, 0.05, 0.05, 0, nan, nan, nan
464, 471, 472, 0, -0.05, -0.05, -0.05, 0.05, 0.05, 0.05, 0, nan, nan, nan
465, 1163, 1164, 0, -0.05, -0.05, -0.05, 0.05, 0.05, 0.05, 0, nan, nan, nan
466, 1165, 1166, 0, -0.05, -0.05, -0.05, 0.05, 0.05, 0.05, 0, nan, nan, nan
467, 465, 466, 0, -0.05, -0.05, -0.05, 0.05, 0.05, 0.05, 0, nan, nan, nan
468, 469, 470, 0, -0.05, -0.05, -0.05, 0.05, 0.05, 0.05, 0, nan, nan, nan
469, 1167, 1168, 0, -0.05, -0.05, -0.05, 0.05, 0.05, 0.05, 0, nan, nan, nan
470, 1169, 1170, 0, -0.05, -0.05, -0.05, 0.05, 0.05, 0.05, 0, nan, nan, nan
471, 467, 468, 0, -0.05, -0.05, -0.05, 0.05, 0.05, 0.05, 0, nan, nan, nan
472, 475, 476, 0, -0.05, -0.05, -0.05, 0.05, 0.05, 0.05, 0, nan, nan, nan
473, 1171, 1172, 0, -0.05, -0.05, -0.05, 0.05, 0.05, 0.05, 0, nan, nan, nan
474, 1173, 1174, 0, -0.05, -0.05, -0.05, 0.05, 0.05, 0.05, 0, nan, nan, nan
475, 473, 474, 0, -0.05, -0.05, -0.05, 0.05, 0.05, 0.05, 0, nan, nan, nan
476, 477, 478, 0, -0.05, -0.05, -0.05, 0.05, 0.05, 0.05, 0, nan, nan, nan
477, 1175, 1176, 0, -0.05, -0.05, -0.05, 0.05, 0.05, 0.05, 0, nan, nan, nan
478, 1177, 1178, 0, -0.05, -0.05, -0.05, 0.05, 0.05, 0.05, 0, nan, nan, nan
479, 463, 464, 0, -0.05, -0.05, -0.05, 0.05, 0.05, 0.05, 0, nan, nan, nan
480, 495, 496, 0, -0.05, -0.05, -0.05, 0.05, 0.05, 0.05, 0, nan, nan, nan
481, 1179, 1180, 0, -0.05, -0.05, -0.05, 0.05, 0.05, 0.05, 0, nan, nan, nan
482, 1181, 1182, 0, -0.05, -0.05, -0.05, 0.05, 0.05, 0.05, 0, nan, nan, nan
483, 481, 482, 0, -0.05, -0.05, -0.05, 0.05, 0.05, 0.05, 0, nan, nan, nan
484, 485, 486, 0, -0.05, -0.05, -0.05, 0.05, 0.05, 0.05, 0, nan, nan, nan
485, 1183, 1184, 0, -0.05, -0.05, -0.05, 0.05, 0.05, 0.05, 0, nan, nan, nan
486, 1185, 1186, 0, -0.05, -0.05, -0.05, 0.05, 0.05, 0.05, 0, nan, nan, nan
487, 483, 484, 0, -0.05, -0.05, -0.05, 0.05, 0.05, 0.05, 0, nan, nan, nan
488, 491, 492, 0, -0.05, -0.05, -0.05, 0.05, 0.05, 0.05, 0, nan, nan, nan
489, 1187, 1188, 0, -0.05, -0.05, -0.05, 0.05, 0.05, 0.05, 0, nan, nan, nan
490, 1189, 1190, 0, -0.05, -0.05, -0.05, 0.05, 0.05, 0.05, 0, nan, nan, nan
491, 489, 490, 0, -0.05, -0.05, -0.05, 0.05, 0.05, 0.05, 0, nan, nan, nan
492, 493, 494, 0, -0.05, -0.05, -0.05, 0.05, 0.05, 0.05, 0, nan, nan, nan
493, 1191, 1192, 0, -0.05, -0.05, -0.05, 0.05, 0.05, 0.05, 0, nan, nan, nan
494, 1193, 1194, 0, -0.05, -0.05, -0.05, 0.05, 0.05, 0.05, 0, nan, nan, nan
495, 487, 488, 0, -0.05, -0.05, -0.05, 0.05, 0.05, 0.05, 0, nan, nan, nan
496, 503, 504, 0, -0.05, -0.05, -0.05, 0.05, 0.05, 0.05, 0, nan, nan, nan
497, 1195, 1196, 0, -0.05, -0.05, -0.05, 0.05, 0.05, 0.05, 0, nan, nan, nan
498, 1197, 1198, 0, -0.05, -0.05, -0.05, 0.05, 0.05, 0.05, 0, nan, nan, nan
499, 497, 498, 0, -0.05, -0.05, -0.05, 0.05, 0.05, 0.05, 0, nan, nan, nan
500, 501, 502, 0, -0.05, -0.05, -0.05, 0.05, 0.05, 0.05, 0, nan, nan, nan
501, 1199, 1200, 0, -0.05, -0.05, -0.05, 0.05, 0.05, 0.05, 0, nan, nan, nan
502, 1201, 1202, 0, -0.05, -0.05, -0.05, 0.05, 0.05, 0.05, 0, nan, nan, nan
503, 499, 500, 0, -0.05, -0.05, -0.05, 0.05, 0.05, 0.05, 0, nan, nan, nan
504, 507, 508, 0, -0.05, -0.05, -0.05, 0.05, 0.05, 0.05, 0, nan, nan, nan
505, 1203, 1204, 0, -0.05, -0.05, -0.05, 0.05, 0.05, 0.05, 0, nan, nan, nan
506, 1205, 1206, 0, -0.05, -0.05, -0.05, 0.05, 0.05, 0.05, 0, nan, nan, nan
507, 505, 506, 0, -0.05, -0.05, -0.05, 0.05, 0.05, 0.05, 0, nan, nan, nan
508, 509, 510, 0, -0.05, -0.05, -0.05, 0.05, 0.05, 0.05, 0, nan, nan, nan
509, 1207, 1208, 0, -0.05, -0.05, -0.05, 0.05, 0.05, 0.05, 0, nan, nan, nan
510, 1209, 1210, 0, -0.05, -0.05, -0.05, 0.05, 0.05, 0.05, 0, nan, nan, nan
511, 255, 256, 0, -0.05, -0.05, -0.05, 0.05, 0.05, 0.05, 0, nan, nan, nan
512, 639, 640, 0, -0.05, -0.05, -0.05, 0.05, 0.05, 0.05, 0, nan, nan, nan
513, 1211, 1212, 0, -0.05, -0.05, -0.05, 0.05, 0.05, 0.05, 0, nan, nan, nan
514, 1213, 1214, 0, -0.05, -0.05, -0.05, 0.05, 0.05, 0.05, 0, nan, nan, nan
515, 513, 514, 0, -0.05, -0.05, -0.05, 0.05, 0.05, 0.05, 0, nan, nan, nan
516, 517, 518, 0, -0.05, -0.05, -0.05, 0.05, 0.05, 0.05, 0, nan, nan, nan
517, 1215, 1216, 0, -0.05, -0.05, -0.05, 0.05, 0.05, 0.05, 0, nan, nan, nan
518, 1217, 1218, 0, -0.05, -0.05, -0.05, 0.05, 0.05, 0.05, 0, nan, nan, nan
519, 515, 516, 0, -0.05, -0.05, -0.05, 0.05, 0.05, 0.05, 0, nan, nan, nan
520, 523, 524, 0, -0.05, -0.05, -0.05, 0.05, 0.05, 0.05, 0, nan, nan, nan
521, 1219, 1220, 0, -0.05, -0.05, -0.05, 0.05, 0.05, 0.05, 0, nan, nan, nan
522, 1221, 1222, 0, -0.05, -0.05, -0.05, 0.05, 0.05, 0.05, 0, nan, nan, nan
523, 521, 522, 0, -0.05, -0.05, -0.05, 0.05, 0.05, 0.05, 0, nan, nan, nan
524, 525, 526, 0, -0.05, -0.05, -0.05, 0.05, 0.05, 0.05, 0, nan, nan, nan
525, 1223, 1224, 0, -0.05, -0.05, -0.05, 0.05, 0.05, 0.05, 0, nan, nan, nan
526, 1225, 1226, 0, -0.05, -0.05, -0.05, 0.05, 0.05, 0.05, 0, nan, nan, nan
527, 519, 520, 0, -0.05, -0.05, -0.05, 0.05, 0.05, 0.05, 0, nan, nan, nan
528, 535, 536, 0, -0.05, -0.05, -0.05, 0.05, 0.05, 0.05, 0, nan, nan, nan
529, 1227, 1228, 0, -0.05, -0.05, -0.05, 0.05, 0.05, 0.05, 0, nan, nan, nan
530, 1229, 1230, 0, -0.05, -0.05, -0.05, 0.05, 0.05, 0.05, 0, nan, nan, nan
531, 529, 530, 0, -0.05, -0.05, -0.05, 0.05, 0.05, 0.05, 0, nan, nan, nan
532, 533, 534, 0, -0.05, -0.05, -0.05, 0.05, 0.05, 0.05, 0, nan, nan, nan
533, 1231, 1232, 0, -0.05, -0.05, -0.05, 0.05, 0.05, 0.05, 0, nan, nan, nan
534, 1233, 1234, 0, -0.05, -0.05, -0.05, 0.05, 0.05, 0.05, 0, nan, nan, nan
535, 531, 532, 0, -0.05, -0.05, -0.05, 0.05, 0.05, 0.05, 0, nan, nan, nan
536, 539, 540, 0, -0.05, -0.05, -0.05, 0.05, 0.05, 0.05, 0, nan, nan, nan
537, 1235, 1236, 0, -0.05, -0.05, -0.05, 0.05, 0.05, 0.05, 0, nan, nan, nan
538, 1237, 1238, 0, -0.05, -0.05, -0.05, 0.05, 0.05, 0.05, 0, nan, nan, nan
539, 537, 538, 0, -0.05, -0.05, -0.05, 0.05, 0.05, 0.05, 0, nan, nan, nan
540, 541, 542, 0, -0.05, -0.05, -0.05, 0.05, 0.05, 0.05, 0, nan, nan, nan
541, 1239, 1240, 0, -0.05, -0.05, -0.05, 0.05, 0.05, 0.05, 0, nan, nan, nan
542, 1241, 1242, 0, -0.05, -0.05, -0.05, 0.05, 0.05, 0.05, 0, nan, nan, nan
543, 527, 528, 0, -0.05, -0.05, -0.05, 0.05, 0.05, 0.05, 0, nan, nan, nan
544, 559, 560, 0, -0.05, -0.05, -0.05, 0.05, 0.05, 0.05, 0, nan, nan, nan
545, 1243, 1244, 0, -0.05, -0.05, -0.05, 0.05, 0.05, 0.05, 0, nan, nan, nan
546, 1245, 1246, 0, -0.05, -0.05, -0.05, 0.05, 0.05, 0.05, 0, nan, nan, nan
547, 545, 546, 0, -0.05, -0.05, -0.05, 0.05, 0.05, 0.05, 0, nan, nan, nan
548, 549, 550, 0, -0.05, -0.05, -0.05, 0.05, 0.05, 0.05, 0, nan, nan, nan
549, 1247, 1248, 0, -0.05, -0.05, -0.05, 0.05, 0.05, 0.05, 0, nan, nan, nan
550, 1249, 1250, 0, -0.05, -0.05, -0.05, 0.05, 0.05, 0.05, 0, nan, nan, nan
551, 547, 548, 0, -0.05, -0.05, -0.05, 0.05, 0.05, 0.05, 0, nan, nan, nan
552, 555, 556, 0, -0.05, -0.05, -0.05, 0.05, 0.05, 0.05, 0, nan, nan, nan
553, 1251, 1252, 0, -0.05, -0.05, -0.05, 0.05, 0.05, 0.05, 0, nan, nan, nan
554, 1253, 1254, 0, -0.05, -0.05, -0.05, 0.05, 0.05, 0.05, 0, nan, nan, nan
555, 553, 554, 0, -0.05, -0.05, -0.05, 0.05, 0.05, 0.05, 0, nan, nan, nan
556, 557, 558, 0, -0.05, -0.05, -0.05, 0.05, 0.05, 0.05, 0, nan, nan, nan
557, 1255, 1256, 0, -0.05, -0.05, -0.05, 0.05, 0.05, 0.05, 0, nan, nan, nan
558, 1257, 1258, 0, -0.05, -0.05, -0.05, 0.05, 0.05, 0.05, 0, nan, nan, nan
559, 551, 552, 0, -0.05, -0.05, -0.05, 0.05, 0.05, 0.05, 0, nan, nan, nan
560, 567, 568, 0, -0.05, -0.05, -0.05, 0.05, 0.05, 0.05, 0, nan, nan, nan
561, 1259, 1260, 0, -0.05, -0.05, -0.05, 0.05, 0.05, 0.05, 0, nan, nan, nan
562, 1261, 1262, 0, -0.05, -0.05, -0.05, 0.05, 0.05, 0.05, 0, nan, nan, nan
563, 561, 562, 0, -0.05, -0.05, -0.05, 0.05, 0.05, 0.05, 0, nan, nan, nan
564, 565, 566, 0, -0.05, -0.05, -0.05, 0.05, 0.05, 0.05, 0, nan, nan, nan
565, 1263, 1264, 0, -0.05, -0.05, -0.05, 0.05, 0.05, 0.05, 0, nan, nan, nan
566, 1265, 1266, 0, -0.05, -0.05, -0.05, 0.05, 0.05, 0.05, 0, nan, nan, nan
567, 563, 564, 0, -0.05, -0.05, -0.05, 0.05, 0.05, 0.05, 0, nan, nan, nan
568, 571, 572, 0, -0.05, -0.05, -0.05, 0.05, 0.05, 0.05, 0, nan, nan, nan
569, 1267, 1268, 0, -0.05, -0.05, -0.05, 0.05, 0.05, 0.05, 0, nan, nan, nan
570, 1269, 1270, 0, -0.05, -0.05, -0.05, 0.05, 0.05, 0.05, 0, nan, nan, nan
571, 569, 570, 0, -0.05, -0.05, -0.05, 0.05, 0.05, 0.05, 0, nan, nan, nan
572, 573, 574, 0, -0.05, -0.05, -0.05, 0.05, 0.05, 0.05, 0, nan, nan, nan
573, 1271, 1272, 0, -0.05, -0.05, -0.05, 0.05, 0.05, 0.05, 0, nan, nan, nan
574, 1273, 1274, 0, -0.05, -0.05, -0.05, 0.05, 0.05, 0.05, 0, nan, nan, nan
575, 543, 544, 0, -0.05, -0.05, -0.05, 0.05, 0.05, 0.05, 0, nan, nan, nan
576, 607, 608, 0, -0.05, -0.05, -0.05, 0.05, 0.05, 0.05, 0, nan, nan, nan
577, 1275, 1276, 0, -0.05, -0.05, -0.05, 0.05, 0.05, 0.05, 0, nan, nan, nan
578, 1277, 1278, 0, -0.05, -0.05, -0.05, 0.05, 0.05, 0.05, 0, nan, nan, nan
579, 577, 578, 0, -0.05, -0.05, -0.05, 0.05, 0.05, 0.05, 0, nan, nan, nan
580, 581, 582, 0, -0.05, -0.05, -0.05, 0.05, 0.05, 0.05, 0, nan, nan, nan
581, 1279, 1280, 0, -0.05, -0.05, -0.05, 0.05, 0.05, 0.05, 0, nan, nan, nan
582, 1281, 1282, 0, -0.05, -0.05, -0.05, 0.05, 0.05, 0.05, 0, nan, nan, nan
583, 579, 580, 0, -0.05, -0.05, -0.05, 0.05, 0.05, 0.05, 0, nan, nan, nan
584, 587, 588, 0, -0.05, -0.05, -0.05, 0.05, 0.05, 0.05, 0, nan, nan, nan
585, 1283, 1284, 0, -0.05, -0.05, -0.05, 0.05, 0.05, 0.05, 0, nan, nan, nan
586, 1285, 1286, 0, -0.05, -0.05, -0.05, 0.05, 0.05, 0.05, 0, nan, nan, nan
587, 585, 586, 0, -0.05, -0.05, -0.05, 0.05, 0.05, 0.05, 0, nan, nan, nan
588, 589, 590, 0, -0.05, -0.05, -0.05, 0.05, 0.05, 0.05, 0, nan, nan, nan
589, 1287, 1288, 0, -0.05, -0.05, -0.05, 0.05, 0.05, 0.05, 0, nan, nan, nan
590, 1289, 1290, 0, -0.05, -0.05, -0.05, 0.05, 0.05, 0.05, 0, nan, nan, nan
591, 583, 584, 0, -0.05, -0.05, -0.05, 0.05, 0.05, 0.05, 0, nan, nan, nan
592, 599, 600, 0, -0.05, -0.05, -0.05, 0.05, 0.05, 0.05, 0, nan, nan, nan
593, 1291, 1292, 0, -0.05, -0.05, -0.05, 0.05, 0.05, 0.05, 0, nan, nan, nan
594, 1293, 1294, 0, -0.05, -0.05, -0.05, 0.05, 0.05, 0.05, 0, nan, nan, nan
595, 593, 594, 0, -0.05, -0.05, -0.05, 0.05, 0.05, 0.05, 0, nan, nan, nan
596, 597, 598, 0, -0.05, -0.05, -0.05, 0.05, 0.05, 0.05, 0, nan, nan, nan
597, 1295, 1296, 0, -0.05, -0.05, -0.05, 0.05, 0.05, 0.05, 0, nan, nan, nan
598, 1297, 1298, 0, -0.05, -0.05, -0.05, 0.05, 0.05, 0.05, 0, nan, nan, nan
599, 595, 596, 0, -0.05, -0.05, -0.05, 0.05, 0.05, 0.05, 0, nan, nan, nan
600, 603, 604, 0, -0.05, -0.05, -0.05, 0.05, 0.05, 0.05, 0, nan, nan, nan
601, 1299, 1300, 0, -0.05, -0.05, -0.05, 0.05, 0.05, 0.05, 0, nan, nan, nan
602, 1301, 1302, 0, -0.05, -0.05, -0.05, 0.05, 0.05, 0.05, 0, nan, nan, nan
603, 601, 602, 0, -0.05, -0.05, -0.05, 0.05, 0.05, 0.05, 0, nan, nan, nan
604, 605, 606, 0, -0.05, -0.05, -0.05, 0.05, 0.05, 0.05, 0, nan, nan, nan
605, 1303, 1304, 0, -0.05, -0.05, -0.05, 0.05, 0.05, 0.05, 0, nan, nan, nan
606, 1305, 1306, 0, -0.05, -0.05, -0.05, 0.05, 0.05, 0.05, 0, nan, nan, nan
607, 591, 592, 0, -0.05, -0.05, -0.05, 0.05, 0.05, 0.05, 0, nan, nan, nan
608, 623, 624, 0, -0.05, -0.05, -0.05, 0.05, 0.05, 0.05, 0, nan, nan, nan
609, 1307, 1308, 0, -0.05, -0.05, -0.05, 0.05, 0.05, 0.05, 0, nan, nan, nan
610, 1309, 1310, 0, -0.05, -0.05, -0.05, 0.05, 0.05, 0.05, 0, nan, nan, nan
611, 609, 610, 0, -0.05, -0.05, -0.05, 0.05, 0.05, 0.05, 0, nan, nan, nan
612, 613, 614, 0, -0.05, -0.05, -0.05, 0.05, 0.05, 0.05, 0, nan, nan, nan
613, 1311, 1312, 0, -0.05, -0.05, -0.05, 0.05, 0.05, 0.05, 0, nan, nan, nan
614, 1313, 1314, 0, -0.05, -0.05, -0.05, 0.05, 0.05, 0.05, 0, nan, nan, nan
615, 611, 612, 0, -0.05, -0.05, -0.05, 0.05, 0.05, 0.05, 0, nan, nan, nan
616, 619, 620, 0, -0.05, -0.05, -0.05, 0.05, 0.05, 0.05, 0, nan, nan, nan
617, 1315, 1316, 0, -0.05, -0.05, -0.05, 0.05, 0.05, 0.05, 0, nan, nan, nan
618, 1317, 1318, 0, -0.05, -0.05, -0.05, 0.05, 0.05, 0.05, 0, nan, nan, nan
619, 617, 618, 0, -0.05, -0.05, -0.05, 0.05, 0.05, 0.05, 0, nan, nan, nan
620, 621, 622, 0, -0.05, -0.05, -0.05, 0.05, 0.05, 0.05, 0, nan, nan, nan
621, 1319, 1320, 0, -0.05, -0.05, -0.05, 0.05, 0.05, 0.05, 0, nan, nan, nan
622, 1321, 1322, 0, -0.05, -0.05, -0.05, 0.05, 0.05, 0.05, 0, nan, nan, nan
623, 615, 616, 0, -0.05, -0.05, -0.05, 0.05, 0.05, 0.05, 0, nan, nan, nan
624, 631, 632, 0, -0.05, -0.05, -0.05, 0.05, 0.05, 0.05, 0, nan, nan, nan
625, 1323, 1324, 0, -0.05, -0.05, -0.05, 0.05, 0.05, 0.05, 0, nan, nan, nan
626, 1325, 1326, 0, -0.05, -0.05, -0.05, 0.05, 0.05, 0.05, 0, nan, nan, nan
627, 625, 626, 0, -0.05, -0.05, -0.05, 0.05, 0.05, 0.05, 0, nan, nan, nan
628, 629, 630, 0, -0.05, -0.05, -0.05, 0.05, 0.05, 0.05, 0, nan, nan, nan
629, 1327, 1328, 0, -0.05, -0.05, -0.05, 0.05, 0.05, 0.05, 0, nan, nan, nan
630, 1329, 1330, 0, -0.05, -0.05, -0.05, 0.05, 0.05, 0.05, 0, nan, nan, nan
631, 627, 628, 0, -0.05, -0.05, -0.05, 0.05, 0.05, 0.05, 0, nan, nan, nan
632, 635, 636, 0, -0.05, -0.05, -0.05, 0.05, 0.05, 0.05, 0, nan, nan, nan
633, 1331, 1332, 0, -0.05, -0.05, -0.05, 0.05, 0.05, 0.05, 0, nan, nan, nan
634, 1333, 1334, 0, -0.05, -0.05, -0.05, 0.05, 0.05, 0.05, 0, nan, nan, nan
635, 633, 634, 0, -0.05, -0.05, -0.05, 0.05, 0.05, 0.05, 0, nan, nan, nan
636, 637, 638, 0, -0.05, -0.05, -0.05, 0.05, 0.05, 0.05, 0, nan, nan, nan
637, 1335, 1336, 0, -0.05, -0.05, -0.05, 0.05, 0.05, 0.05, 0, nan, nan, nan
638, 1337, 1338, 0, -0.05, -0.05, -0.05, 0.05, 0.05, 0.05, 0, nan, nan, nan
639, 575, 576, 0, -0.05, -0.05, -0.05, 0.05, 0.05, 0.05, 0, nan, nan, nan
640, 671, 672, 0, -0.05, -0.05, -0.05, 0.05, 0.05, 0.05, 0, nan, nan, nan
641, 1339, 1340, 0, -0.05, -0.05, -0.05, 0.05, 0.05, 0.05, 0, nan, nan, nan
642, 1341, 1342, 0, -0.05, -0.05, -0.05, 0.05, 0.05, 0.05, 0, nan, nan, nan
643, 641, 642, 0, -0.05, -0.05, -0.05, 0.05, 0.05, 0.05, 0, nan, nan, nan
644, 645, 646, 0, -0.05, -0.05, -0.05, 0.05, 0.05, 0.05, 0, nan, nan, nan
645, 1343, 1344, 0, -0.05, -0.05, -0.05, 0.05, 0.05, 0.05, 0, nan, nan, nan
646, 1345, 1346, 0, -0.05, -0.05, -0.05, 0.05, 0.05, 0.05, 0, nan, nan, nan
647, 643, 644, 0, -0.05, -0.05, -0.05, 0.05, 0.05, 0.05, 0, nan, nan, nan
648, 651, 652, 0, -0.05, -0.05, -0.05, 0.05, 0.05, 0.05, 0, nan, nan, nan
649, 1347, 1348, 0, -0.05, -0.05, -0.05, 0.05, 0.05, 0.05, 0, nan, nan, nan
650, 1349, 1350, 0, -0.05, -0.05, -0.05, 0.05, 0.05, 0.05, 0, nan, nan, nan
651, 649, 650, 0, -0.05, -0.05, -0.05, 0.05, 0.05, 0.05, 0, nan, nan, nan
652, 653, 654, 0, -0.05, -0.05, -0.05, 0.05, 0.05, 0.05, 0, nan, nan, nan
653, 1351, 1352, 0, -0.05, -0.05, -0.05, 0.05, 0.05, 0.05, 0, nan, nan, nan
654, 1353, 1354, 0, -0.05, -0.05, -0.05, 0.05, 0.05, 0.05, 0, nan, nan, nan
655, 647, 648, 0, -0.05, -0.05, -0.05, 0.05, 0.05, 0.05, 0, nan, nan, nan
656, 663, 664, 0, -0.05, -0.05, -0.05, 0.05, 0.05, 0.05, 0, nan, nan, nan
657, 1355, 1356, 0, -0.05, -0.05, -0.05, 0.05, 0.05, 0.05, 0, nan, nan, nan
658, 1357, 1358, 0, -0.05, -0.05, -0.05, 0.05, 0.05, 0.05, 0, nan, nan, nan
659, 657, 658, 0, -0.05, -0.05, -0.05, 0.05, 0.05, 0.05, 0, nan, nan, nan
660, 661, 662, 0, -0.05, -0.05, -0.05, 0.05, 0.05, 0.05, 0, nan, nan, nan
661, 1359, 1360, 0, -0.05, -0.05, -0.05, 0.05, 0.05, 0.05, 0, nan, nan, nan
662, 1361, 1362, 0, -0.05, -0.05, -0.05, 0.05, 0.05, 0.05, 0, nan, nan, nan
663, 659, 660, 0, -0.05, -0.05, -0.05, 0.05, 0.05, 0.05, 0, nan, nan, nan
664, 667, 668, 0, -0.05, -0.05, -0.05, 0.05, 0.05, 0.05, 0, nan, nan, nan
665, 1363, 1364, 0, -0.05, -0.05, -0.05, 0.05, 0.05, 0.05, 0, nan, nan, nan
666, 1365, 1366, 0, -0.05, -0.05, -0.05, 0.05, 0.05, 0.05, 0, nan, nan, nan
667, 665, 666, 0, -0.05, -0.05, -0.05, 0.05, 0.05, 0.05, 0, nan, nan, nan
668, 669, 670, 0, -0.05, -0.05, -0.05, 0.05, 0.05, 0.05, 0, nan, nan, nan
669, 1367, 1368, 0, -0.05, -0.05, -0.05, 0.05, 0.05, 0.05, 0, nan, nan, nan
670, 1369, 1370, 0, -0.05, -0.05, -0.05, 0.05, 0.05, 0.05, 0, nan, nan, nan
671, 655, 656, 0, -0.05, -0.05, -0.05, 0.05, 0.05, 0.05, 0, nan, nan, nan
672, 687, 688, 0, -0.05, -0.05, -0.05, 0.05, 0.05, 0.05, 0, nan, nan, nan
673, 1371, 1372, 0, -0.05, -0.05, -0.05, 0.05, 0.05, 0.05, 0, nan, nan, nan
674, 1373, 1374, 0, -0.05, -0.05, -0.05, 0.05, 0.05, 0.05, 0, nan, nan, nan
675, 673, 674, 0, -0.05, -0.05, -0.05, 0.05, 0.05, 0.05, 0, nan, nan, nan
676, 677, 678, 0, -0.05, -0.05, -0.05, 0.05, 0.05, 0.05, 0, nan, nan, nan
677, 1375, 1376, 0, -0.05, -0.05, -0.05, 0.05, 0.05, 0.05, 0, nan, nan, nan
678, 1377, 1378, 0, -0.05, -0.05, -0.05, 0.05, 0.05, 0.05, 0, nan, nan, nan
679, 675, 676, 0, -0.05, -0.05, -0.05, 0.05, 0.05, 0.05, 0, nan, nan, nan
680, 683, 684, 0, -0.05, -0.05, -0.05, 0.05, 0.05, 0.05, 0, nan, nan, nan
681, 1379, 1380, 0, -0.05, -0.05, -0.05, 0.05, 0.05, 0.05, 0, nan, nan, nan
682, 1381, 1382, 0, -0.05, -0.05, -0.05, 0.05, 0.05, 0.05, 0, nan, nan, nan
683, 681, 682, 0, -0.05, -0.05, -0.05, 0.05, 0.05, 0.05, 0, nan, nan, nan
684, 685, 686, 0, -0.05, -0.05, -0.05, 0.05, 0.05, 0.05, 0, nan, nan, nan
685, 1383, 1384, 0, -0.05, -0.05, -0.05, 0.05, 0.05, 0.05, 0, nan, nan, nan
686, 1385, 1386, 0, -0.05, -0.05, -0.05, 0.05, 0.05, 0.05, 0, nan, nan, nan
687, 679, 680, 0, -0.05, -0.05, -0.05, 0.05, 0.05, 0.05, 0, nan, nan, nan
688, 695, 696, 0, -0.05, -0.05, -0.05, 0.05, 0.05, 0.05, 0, nan, nan, nan
689, 1387, 1388, 0, -0.05, -0.05, -0.05, 0.05, 0.05, 0.05, 0, nan, nan, nan
690, 1389, 1390, 0, -0.05, -0.05, -0.05, 0.05, 0.05, 0.05, 0, nan, nan, nan
691, 689, 690, 0, -0.05, -0.05, -0.05, 0.05, 0.05, 0.05, 0, nan, nan, nan
692, 693, 694, 0, -0.05, -0.05, -0.05, 0.05, 0.05, 0.05, 0, nan, nan, nan
693, 1391, 1392, 0, -0.05, -0.05, -0.05, 0.05, 0.05, 0.05, 0, nan, nan, nan
694, 1393, 1394, 0, -0.05, -0.05, -0.05, 0.05, 0.05, 0.05, 0, nan, nan, nan
695, 691, 692, 0, -0.05, -0.05, -0.05, 0.05, 0.05, 0.05, 0, nan, nan, nan
696, 697, 698, 0, -0.05, -0.05, -0.05, 0.05, 0.05, 0.05, 0, nan, nan, nan
697, 1395, 1396, 0, -0.05, -0.05, -0.05, 0.05, 0.05, 0.05, 0, nan, nan, nan
698, 1397, 1398, 0, -0.05, -0.05, -0.05, 0.05, 0.05, 0.05, 0, nan, nan, nan
699, 0, 0, 0, -0.05, -0.05, -0.05, 0.05, 0.05, 0.05, 0, 0, 0, 0
700, 0, 0, 1, -0.05, -0.05, -0.05, 0.05, 0.05, 0.05, 0, 0, 0, 0
701, 0, 0, 2, -0.05, -0.05, -0.05, 0.05, 0.05, 0.05, 0, 0, 0, 0
702, 0, 0, 3, -0.05, -0.05, -0.05, 0.05, 0.05, 0.05, 0, 0, 0, 0
703, 0, 0, 4, -0.05, -0.05, -0.05, 0.05, 0.05, 0.05, 0, 0, 0, 0
704, 0, 0, 5, -0.05, -0.05, -0.05, 0.05, 0.05, 0.05, 0, 0, 0, 0
705, 0, 0, 6, -0.05, -0.05, -0.05, 0.05, 0.05, 0.05, 0, 0, 0, 0
706, 0, 0, 7, -0.05, -0.05, -0.05, 0.05, 0.05, 0.05, 0, 0, 0, 0
707, 0, 0, 8, -0.05, -0.05, -0.05, 0.05, 0.05, 0.05, 0, 0, 0, 0
708, 0, 0, 9, -0.05, -0.05, -0.05, 0.05, 0.05, 0.05, 0, 0, 0, 0
709, 0, 0, 10, -0.05, -0.05, -0.05, 0.05, 0.05, 0.05, 0, 0, 0, 0
710, 0, 0, 11, -0.05, -0.05, -0.05, 0.05, 0.05, 0.05, 0, 0, 0, 0
711, 0, 0, 12, -0.05, -0.05, -0.05, 0.05, 0.05, 0.05, 0, 0, 0, 0
712, 0, 0, 13, -0.05, -0.05, -0.05, 0.05, 0.05, 0.05, 0, 0, 0, 0
713, 0, 0, 14, -0.05, -0.05, -0.05, 0.05, 0.05, 0.05, 0, 0, 0, 0
714, 0, 0, 15, -0.05, -0.05, -0.05, 0.05, 0.05, 0.05, 0, 0, 0, 0
715, 0, 0, 16, -0.05, -0.05, -0.05, 0.05, 0.05, 0.05, 0, 0, 0, 0
716, 0, 0, 17, -0.05, -0.05, -0.05, 0.05, 0.05, 0.05, 0, 0, 0, 0
717, 0, 0, 18, -0.05, -0.05, -0.05, 0.05, 0.05, 0.05, 0, 0, 0, 0
718, 0, 0, 19, -0.05, -0.05, -0.05, 0.05, 0.05, 0.05, 0, 0, 0, 0
719, 0, 0, 20, -0.05, -0.05, -0.05, 0.05, 0.05, 0.05, 0, 0, 0, 0
720, 0, 0, 21, -0.05, -0.05, -0.05, 0.05, 0.05, 0.05, 0, 0, 0, 0
721, 0, 0, 22, -0.05, -0.05, -0.05, 0.05, 0.05, 0.05, 0, 0, 0, 0
722, 0, 0, 23, -0.05, -0.05, -0.05, 0.05, 0.05, 0.05, 0, 0, 0, 0
723, 0, 0, 24, -0.05, -0.05, -0.05, 0.05, 0.05, 0.05, 0, 0, 0, 0
724, 0, 0, 25, -0.05, -0.05, -0.05, 0.05, 0.05, 0.05, 0, 0, 0, 0
725, 0, 0, 26, -0.05, -0.05, -0.05, 0.05, 0.05, 0.05, 0, 0, 0, 0
726, 0, 0, 27, -0.05, -0.05, -0.05, 0.05, 0.05, 0.05, 0, 0, 0, 0
727, 0, 0, 28, -0.05, -0.05, -0.05, 0.05, 0.05, 0.05, 0, 0, 0, 0
728, 0, 0, 29, -0.05, -0.05, -0.05, 0.05, 0.05, 0.05, 0, 0, 0, 0
729, 0, 0, 30, -0.05, -0.05, -0.05, 0.05, 0.05, 0.05, 0, 0, 0, 0
730, 0, 0, 31, -0.05, -0.05, -0.05, 0.05, 0.05, 0.05, 0, 0, 0, 0
731, 0, 0, 32, -0.05, -0.05, -0.05, 0.05, 0.05, 0.05, 0, 0, 0, 0
732, 0, 0, 33, -0.05, -0.05, -0.05, 0.05, 0.05, 0.05, 0, 0, 0, 0
733, 0, 0, 34, -0.05, -0.05, -0.05, 0.05, 0.05, 0.05, 0, 0, 0, 0
734, 0, 0, 35, -0.05, -0.05, -0.05, 0.05, 0.05, 0.05, 0, 0, 0, 0
735, 0, 0, 36, -0.05, -0.05, -0.05, 0.05, 0.05, 0.05, 0, 0, 0, 0
736, 0, 0, 37, -0.05, -0.05, -0.05, 0.05, 0.05, 0.05, 0, 0, 0, 0
737, 0, 0, 38, -0.05, -0.05, -0.05, 0.05, 0.05, 0.05, 0, 0, 0, 0
738, 0, 0, 39, -0.05, -0.05, -0.05, 0.05, 0.05, 0.05, 0, 0, 0, 0
739, 0, 0, 40, -0.05, -0.05, -0.05, 0.05, 0.05, 0.05, 0, 0, 0, 0
740, 0, 0, 41, -0.05, -0.05, -0.05, 0.05, 0.05, 0.05, 0, 0, 0, 0
741, 0, 0, 42, -0.05, -0.05, -0.05, 0.05, 0.05, 0.05, 0, 0, 0, 0
742, 0, 0, 43, -0.05, -0.05, -0.05, 0.05, 0.05, 0.05, 0, 0, 0, 0
743, 0, 0, 44, -0.05, -0.05, -0.05, 0.05, 0.05, 0.05, 0, 0, 0, 0
744, 0, 0, 45, -0.05, -0.05, -0.05, 0.05, 0.05, 0.05, 0, 0, 0, 0
745, 0, 0, 46, -0.05, -0.05, -0.05, 0.05, 0.05, 0.05, 0, 0, 0, 0
746, 0, 0, 47, -0.05, -0.05, -0.05, 0.05, 0.05, 0.05, 0, 0, 0, 0
747, 0, 0, 48, -0.05, -0.05, -0.05, 0.05, 0.05, 0.05, 0, 0, 0, 0
748, 0, 0, 49, -0.05, -0.05, -0.05, 0.05, 0.05, 0.05, 0, 0, 0, 0
749, 0, 0, 50, -0.05, -0.05, -0.05, 0.05, 0.05, 0.05, 0, 0, 0, 0
750, 0, 0, 51, -0.05, -0.05, -0.05, 0.05, 0.05, 0.05, 0, 0, 0, 0
751, 0, 0, 52, -0.05, -0.05, -0.05, 0.05, 0.05, 0.05, 0, 0, 0, 0
752, 0, 0, 53, -0.05, -0.05, -0.05, 0.05, 0.05, 0.05, 0, 0, 0, 0
753, 0, 0, 54, -0.05, -0.05, -0.05, 0.05, 0.05, 0.05, 0, 0, 0, 0
754, 0, 0, 55, -0.05, -0.05, -0.05, 0.05, 0.05, 0.05, 0, 0, 0, 0
755, 0, 0, 56, -0.05, -0.05, -0.05, 0.05, 0.05, 0.05, 0, 0, 0, 0
756, 0, 0, 57, -0.05, -0.05, -0.05, 0.05, 0.05, 0.05, 0, 0, 0, 0
757, 0, 0, 58, -0.05, -0.05, -0.05, 0.05, 0.05, 0.05, 0, 0, 0, 0
758, 0, 0, 59, -0.05, -0.05, -0.05, 0.05, 0.05, 0.05, 0, 0, 0, 0
759, 0, 0, 60, -0.05, -0.05, -0.05, 0.05, 0.05, 0.05, 0, 0, 0, 0
760, 0, 0, 61, -0.05, -0.05, -0.05, 0.05, 0.05, 0.05, 0, 0, 0, 0
761, 0, 0, 62, -0.05, -0.05, -0.05, 0.05, 0.05, 0.05, 0, 0, 0, 0
762, 0, 0, 63, -0.05, -0.05, -0.05, 0.05, 0.05, 0.05, 0, 0, 0, 0
763, 0, 0, 64, -0.05, -0.05, -0.05, 0.05, 0.05, 0.05, 0, 0, 0, 0
764, 0, 0, 65, -0.05, -0.05, -0.05, 0.05, 0.05, 0.05, 0, 0, 0, 0
765, 0, 0, 66, -0.05, -0.05, -0.05, 0.05, 0.05, 0.05, 0, 0, 0, 0
766, 0, 0, 67, -0.05, -0.05, -0.05, 0.05, 0.05, 0.05, 0, 0, 0, 0
767, 0, 0, 68, -0.05, -0.05, -0.05, 0.05, 0.05, 0.05, 0, 0, 0, 0
768, 0, 0, 69, -0.05, -0.05, -0.05, 0.05, 0.05, 0.05, 0, 0, 0, 0
769, 0, 0, 70, -0.05, -0.05, -0.05, 0.05, 0.05, 0.05, 0, 0, 0, 0
770, 0, 0, 71, -0.05, -0.05, -0.05, 0.05, 0.05, 0.05, 0, 0, 0, 0
771, 0, 0, 72, -0.05, -0.05, -0.05, 0.05, 0.05, 0.05, 0, 0, 0, 0
772, 0, 0, 73, -0.05, -0.05, -0.05, 0.05, 0.05, 0.05, 0, 0, 0, 0
773, 0, 0, 74, -0.05, -0.05, -0.05, 0.05, 0.05, 0.05, 0, 0, 0, 0
774, 0, 0, 75, -0.05, -0.05, -0.05, 0.05, 0.05, 0.05, 0, 0, 0, 0
775, 0, 0, 76, -0.05, -0.05, -0.05, 0.05, 0.05, 0.05, 0, 0, 0, 0
776, 0, 0, 77, -0.05, -0.05, -0.05, 0.05, 0.05, 0.05, 0, 0, 0, 0
777, 0, 0, 78, -0.05, -0.05, -0.05, 0.05, 0.05, 0.05, 0, 0, 0, 0
778, 0, 0, 79, -0.05, -0.05, -0.05, 0.05, 0.05, 0.05, 0, 0, 0, 0
779, 0, 0, 80, -0.05, -0.05, -0.05, 0.05, 0.05, 0.05, 0, 0, 0, 0
780, 0, 0, 81, -0.05, -0.05, -0.05, 0.05, 0.05, 0.05, 0, 0, 0, 0
781, 0, 0, 82, -0.05, -0.05, -0.05, 0.05, 0.05, 0.05, 0, 0, 0, 0
782, 0, 0, 83, -0.05, -0.05, -0.05, 0.05, 0.05, 0.05, 0, 0, 0, 0
783, 0, 0, 84, -0.05, -0.05, -0.05, 0.05, 0.05, 0.05, 0, 0, 0, 0
784, 0, 0, 85, -0.05, -0.05, -0.05, 0.05, 0.05, 0.05, 0, 0, 0, 0
785, 0, 0, 86, -0.05, -0.05, -0.05, 0.05, 0.05, 0.05, 0, 0, 0, 0
786, 0, 0, 87, -0.05, -0.05, -0.05, 0.05, 0.05, 0.05, 0, 0, 0, 0
787, 0, 0, 88, -0.05, -0.05, -0.05, 0.05, 0.05, 0.05, 0, 0, 0, 0
788, 0, 0, 89, -0.05, -0.05, -0.05, 0.05, 0.05, 0.05, 0, 0, 0, 0
789, 0, 0, 90, -0.05, -0.05, -0.05, 0.05, 0.05, 0.05, 0, 0, 0, 0
790, 0, 0, 91, -0.05, -0.05, -0.05, 0.05, 0.05, 0.05, 0, 0, 0, 0
791, 0, 0, 92, -0.05, -0.05, -0.05, 0.05, 0.05, 0.05, 0, 0, 0, 0
792, 0, 0, 93, -0.05, -0.05, -0.05, 0.05, 0.05, 0.05, 0, 0, 0, 0
793, 0, 0, 94, -0.05, -0.05, -0.05, 0.05, 0.05, 0.05, 0, 0, 0, 0
794, 0, 0, 95, -0.05, -0.05, -0.05, 0.05, 0.05, 0.05, 0, 0, 0, 0
795, 0, 0, 96, -0.05, -0.05, -0.05, 0.05, 0.05, 0.05, 0, 0, 0, 0
796, 0, 0, 97, -0.05, -0.05, -0.05, 0.05, 0.05, 0.05, 0, 0, 0, 0
797, 0, 0, 98, -0.05, -0.05, -0.05, 0.05, 0.05, 0.05, 0, 0, 0, 0
798, 0, 0, 99, -0.05, -0.05, -0.05, 0.05, 0.05, 0.05, 0, 0, 0, 0
799, 0, 0, 100, -0.05, -0.05, -0.05, 0.05, 0.05, 0.05, 0, 0, 0, 0
800, 0, 0, 101, -0.05, -0.05, -0.05, 0.05, 0.05, 0.05, 0, 0, 0, 0
801, 0, 0, 102, -0.05, -0.05, -0.05, 0.05, 0.05, 0.05, 0, 0, 0, 0
802, 0, 0, 103, -0.05, -0.05, -0.05, 0.05, 0.05, 0.05, 0, 0, 0, 0
803, 0, 0, 104, -0.05, -0.05, -0.05, 0.05, 0.05, 0.05, 0, 0, 0, 0
804, 0, 0, 105, -0.05, -0.05, -0.05, 0.05, 0.05, 0.05, 0, 0, 0, 0
805, 0, 0, 106, -0.05, -0.05, -0.05, 0.05, 0.05, 0.05, 0, 0, 0, 0
806, 0, 0, 107, -0.05, -0.05, -0.05, 0.05, 0.05, 0.05, 0, 0, 0, 0
807, 0, 0, 108, -0.05, -0.05, -0.05, 0.05, 0.05, 0.05, 0, 0, 0, 0
808, 0, 0, 109, -0.05, -0.05, -0.05, 0.05, 0.05, 0.05, 0, 0, 0, 0
809, 0, 0, 110, -0.05, -0.05, -0.05, 0.05, 0.05, 0.05, 0, 0, 0, 0
810, 0, 0, 111, -0.05, -0.05, -0.05, 0.05, 0.05, 0.05, 0, 0, 0, 0
811, 0, 0, 112, -0.05, -0.05, -0.05, 0.05, 0.05, 0.05, 0, 0, 0, 0
812, 0, 0, 113, -0.05, -0.05, -0.05, 0.05, 0.05, 0.05, 0, 0, 0, 0
813, 0, 0, 114, -0.05, -0.05, -0.05, 0.05, 0.05, 0.05, 0, 0, 0, 0
814, 0, 0, 115, -0.05, -0.05, -0.05, 0.05, 0.05, 0.05, 0, 0, 0, 0
815, 0, 0, 116, -0.05, -0.05, -0.05, 0.05, 0.05, 0.05, 0, 0, 0, 0
816, 0, 0, 117, -0.05, -0.05, -0.05, 0.05, 0.05, 0.05, 0, 0, 0, 0
817, 0, 0, 118, -0.05, -0.05, -0.05, 0.05, 0.05, 0.05, 0, 0, 0, 0
818, 0, 0, 119, -0.05, -0.05, -0.05, 0.05, 0.05, 0.05, 0, 0, 0, 0
819, 0, 0, 120, -0.05, -0.05, -0.05, 0.05, 0.05, 0.05, 0, 0, 0, 0
820, 0, 0, 121, -0.05, -0.05, -0.05, 0.05, 0.05, 0.05, 0, 0, 0, 0
821, 0, 0, 122, -0.05, -0.05, -0.05, 0.05, 0.05, 0.05, 0, 0, 0, 0
822, 0, 0, 123, -0.05, -0.05, -0.05, 0.05, 0.05, 0.05, 0, 0, 0, 0
823, 0, 0, 124, -0.05, -0.05, -0.05, 0.05, 0.05, 0.05, 0, 0, 0, 0
824, 0, 0, 125, -0.05, -0.05, -0.05, 0.05, 0.05, 0.05, 0, 0, 0, 0
825, 0, 0, 126, -0.05, -0.05, -0.05, 0.05, 0.05, 0.05, 0, 0, 0, 0
826, 0, 0, 127, -0.05, -0.05, -0.05, 0.05, 0.05, 0.05, 0, 0, 0, 0
827, 0, 0, 128, -0.05, -0.05, -0.05, 0.05, 0.05, 0.05, 0, 0, 0, 0
828, 0, 0, 129, -0.05, -0.05, -0.05, 0.05, 0.05, 0.05, 0, 0, 0, 0
829, 0, 0, 130, -0.05, -0.05, -0.05, 0.05, 0.05, 0.05, 0, 0, 0, 0
830, 0, 0, 131, -0.05, -0.05, -0.05, 0.05, 0.05, 0.05, 0, 0, 0, 0
831, 0, 0, 132, -0.05, -0.05, -0.05, 0.05, 0.05, 0.05, 0, 0, 0, 0
832, 0, 0, 133, -0.05, -0.05, -0.05, 0.05, 0.05, 0.05, 0, 0, 0, 0
833, 0, 0, 134, -0.05, -0.05, -0.05, 0.05, 0.05, 0.05, 0, 0, 0, 0
834, 0, 0, 135, -0.05, -0.05, -0.05, 0.05, 0.05, 0.05, 0, 0, 0, 0
835, 0, 0, 136, -0.05, -0.05, -0.05, 0.05, 0.05, 0.05, 0, 0, 0, 0
836, 0, 0, 137, -0.05, -0.05, -0.05, 0.05, 0.05, 0.05, 0, 0, 0, 0
837, 0, 0, 138, -0.05, -0.05, -0.05, 0.05, 0.05, 0.05, 0, 0, 0, 0
838, 0, 0, 139, -0.05, -0.05, -0.05, 0.05, 0.05, 0.05, 0, 0, 0, 0
839, 0, 0, 140, -0.05, -0.05, -0.05, 0.05, 0.05, 0.05, 0, 0, 0, 0
840, 0, 0, 141, -0.05, -0.05, -0.05, 0.05, 0.05, 0.05, 0, 0, 0, 0
841, 0, 0, 142, -0.05, -0.05, -0.05, 0.05, 0.05, 0.05, 0, 0, 0, 0
842, 0, 0, 143, -0.05, -0.05, -0.05, 0.05, 0.05, 0.05, 0, 0, 0, 0
843, 0, 0, 144, -0.05, -0.05, -0.05, 0.05, 0.05, 0.05, 0, 0, 0, 0
844, 0, 0, 145, -0.05, -0.05, -0.05, 0.05, 0.05, 0.05, 0, 0, 0, 0
845, 0, 0, 146, -0.05, -0.05, -0.05, 0.05, 0.05, 0.05, 0, 0, 0, 0
846, 0, 0, 147, -0.05, -0.05, -0.05, 0.05, 0.05, 0.05, 0, 0, 0, 0
847, 0, 0, 148, -0.05, -0.05, -0.05, 0.05, 0.05, 0.05, 0, 0, 0, 0
848, 0, 0, 149, -0.05, -0.05, -0.05, 0.05, 0.05, 0.05, 0, 0, 0, 0
849, 0, 0, 150, -0.05, -0.05, -0.05, 0.05, 0.05, 0.05, 0, 0, 0, 0
850, 0, 0, 151, -0.05, -0.05, -0.05, 0.05, 0.05, 0.05, 0, 0, 0, 0
851, 0, 0, 152, -0.05, -0.05, -0.05, 0.05, 0.05, 0.05, 0, 0, 0, 0
852, 0, 0, 153, -0.05, -0.05, -0.05, 0.05, 0.05, 0.05, 0, 0, 0, 0
853, 0, 0, 154, -0.05, -0.05, -0.05, 0.05, 0.05, 0.05, 0, 0, 0, 0
854, 0, 0, 155, -0.05, -0.05, -0.05, 0.05, 0.05, 0.05, 0, 0, 0, 0
855, 0, 0, 156, -0.05, -0.05, -0.05, 0.05, 0.05, 0.05, 0, 0, 0, 0
856, 0, 0, 157, -0.05, -0.05, -0.05, 0.05, 0.05, 0.05, 0, 0, 0, 0
857, 0, 0, 158, -0.05, -0.05, -0.05, 0.05, 0.05, 0.05, 0, 0, 0, 0
858, 0, 0, 159, -0.05, -0.05, -0.05, 0.05, 0.05, 0.05, 0, 0, 0, 0
859, 0, 0, 160, -0.05, -0.05, -0.05, 0.05, 0.05, 0.05, 0, 0, 0, 0
860, 0, 0, 161, -0.05, -0.05, -0.05, 0.05, 0.05, 0.05, 0, 0, 0, 0
861, 0, 0, 162, -0.05, -0.05, -0.05, 0.05, 0.05, 0.05, 0, 0, 0, 0
862, 0, 0, 163, -0.05, -0.05, -0.05, 0.05, 0.05, 0.05, 0, 0, 0, 0
863, 0, 0, 164, -0.05, -0.05, -0.05, 0.05, 0.05, 0.05, 0, 0, 0, 0
864, 0, 0, 165, -0.05, -0.05, -0.05, 0.05, 0.05, 0.05, 0, 0, 0, 0
865, 0, 0, 166, -0.05, -0.05, -0.05, 0.05, 0.05, 0.05, 0, 0, 0, 0
866, 0, 0, 167, -0.05, -0.05, -0.05, 0.05, 0.05, 0.05, 0, 0, 0, 0
867, 0, 0, 168, -0.05, -0.05, -0.05, 0.05, 0.05, 0.05, 0, 0, 0, 0
868, 0, 0, 169, -0.05, -0.05, -0.05, 0.05, 0.05, 0.05, 0, 0, 0, 0
869, 0, 0, 170, -0.05, -0.05, -0.05, 0.05, 0.05, 0.05, 0, 0, 0, 0
870, 0, 0, 171, -0.05, -0.05, -0.05, 0.05, 0.05, 0.05, 0, 0, 0, 0
871, 0, 0, 172, -0.05, -0.05, -0.05, 0.05, 0.05, 0.05, 0, 0, 0, 0
872, 0, 0, 173, -0.05, -0.05, -0.05, 0.05, 0.05, 0.05, 0, 0, 0, 0
873, 0, 0, 174, -0.05, -0.05, -0.05, 0.05, 0.05, 0.05, 0, 0, 0, 0
874, 0, 0, 175, -0.05, -0.05, -0.05, 0.05, 0.05, 0.05, 0, 0, 0, 0
875, 0, 0, 176, -0.05, -0.05, -0.05, 0.05, 0.05, 0.05, 0, 0, 0, 0
876, 0, 0, 177, -0.05, -0.05, -0.05, 0.05, 0.05, 0.05, 0, 0, 0, 0
877, 0, 0, 178, -0.05, -0.05, -0.05, 0.05, 0.05, 0.05, 0, 0, 0, 0
878, 0, 0, 179, -0.05, -0.05, -0.05, 0.05, 0.05, 0.05, 0, 0, 0, 0
879, 0, 0, 180, -0.05, -0.05, -0.05, 0.05, 0.05, 0.05, 0, 0, 0, 0
880, 0, 0, 181, -0.05, -0.05, -0.05, 0.05, 0.05, 0.05, 0, 0, 0, 0
881, 0, 0, 182, -0.05, -0.05, -0.05, 0.05, 0.05, 0.05, 0, 0, 0, 0
882, 0, 0, 183, -0.05, -0.05, -0.05, 0.05, 0.05, 0.05, 0, 0, 0, 0
883, 0, 0, 184, -0.05, -0.05, -0.05, 0.05, 0.05, 0.05, 0, 0, 0, 0
884, 0, 0, 185, -0.05, -0.05, -0.05, 0.05, 0.05, 0.05, 0, 0, 0, 0
885, 0, 0, 186, -0.05, -0.05, -0.05, 0.05, 0.05, 0.05, 0, 0, 0, 0
886, 0, 0, 187, -0.05, -0.05, -0.05, 0.05, 0.05, 0.05, 0, 0, 0, 0
887, 0, 0, 188, -0.05, -0.05, -0.05, 0.05, 0.05, 0.05, 0, 0, 0, 0
888, 0, 0, 189, -0.05, -0.05, -0.05, 0.05, 0.05, 0.05, 0, 0, 0, 0
889, 0, 0, 190, -0.05, -0.05, -0.05, 0.05, 0.05, 0.05, 0, 0, 0, 0
890, 0, 0, 191, -0.05, -0.05, -0.05, 0.05, 0.05, 0.05, 0, 0, 0, 0
891, 0, 0, 192, -0.05, -0.05, -0.05, 0.05, 0.05, 0.05, 0, 0, 0, 0
892, 0, 0, 193, -0.05, -0.05, -0.05, 0.05, 0.05, 0.05, 0, 0, 0, 0
893, 0, 0, 194, -0.05, -0.05, -0.05, 0.05, 0.05, 0.05, 0, 0, 0, 0
894, 0, 0, 195, -0.05, -0.05, -0.05, 0.05, 0.05, 0.05, 0, 0, 0, 0
895, 0, 0, 196, -0.05, -0.05, -0.05, 0.05, 0.05, 0.05, 0, 0, 0, 0
896, 0, 0, 197, -0.05, -0.05, -0.05, 0.05, 0.05, 0.05, 0, 0, 0, 0
897, 0, 0, 198, -0.05, -0.05, -0.05, 0.05, 0.05, 0.05, 0, 0, 0, 0
898, 0, 0, 199, -0.05, -0.05, -0.05, 0.05, 0.05, 0.05, 0, 0, 0, 0
899, 0, 0, 200, -0.05, -0.05, -0.05, 0.05, 0.05, 0.05, 0, 0, 0, 0
900, 0, 0, 201, -0.05, -0.05, -0.05, 0.05, 0.05, 0.05, 0, 0, 0, 0
901, 0, 0, 202, -0.05, -0.05, -0.05, 0.05, 0.05, 0.05, 0, 0, 0, 0
902, 0, 0, 203, -0.05, -0.05, -0.05, 0.05, 0.05, 0.05, 0, 0, 0, 0
903, 0, 0, 204, -0.05, -0.05, -0.05, 0.05, 0.05, 0.05, 0, 0, 0, 0
904, 0, 0, 205, -0.05, -0.05, -0.05, 0.05, 0.05, 0.05, 0, 0, 0, 0
905, 0, 0, 206, -0.05, -0.05, -0.05, 0.05, 0.05, 0.05, 0, 0, 0, 0
906, 0, 0, 207, -0.05, -0.05, -0.05, 0.05, 0.05, 0.05, 0, 0, 0, 0
907, 0, 0, 208, -0.05, -0.05, -0.05, 0.05, 0.05, 0.05, 0, 0, 0, 0
908, 0, 0, 209, -0.05, -0.05, -0.05, 0.05, 0.05, 0.05, 0, 0, 0, 0
909, 0, 0, 210, -0.05, -0.05, -0.05, 0.05, 0.05, 0.05, 0, 0, 0, 0
910, 0, 0, 211, -0.05, -0.05, -0.05, 0.05, 0.05, 0.05, 0, 0, 0, 0
911, 0, 0, 212, -0.05, -0.05, -0.05, 0.05, 0.05, 0.05, 0, 0, 0, 0
912, 0, 0, 213, -0.05, -0.05, -0.05, 0.05, 0.05, 0.05, 0, 0, 0, 0
913, 0, 0, 214, -0.05, -0.05, -0.05, 0.05, 0.05, 0.05, 0, 0, 0, 0
914, 0, 0, 215, -0.05, -0.05, -0.05, 0.05, 0.05, 0.05, 0, 0, 0, 0
915, 0, 0, 216, -0.05, -0.05, -0.05, 0.05, 0.05, 0.05, 0, 0, 0, 0
916, 0, 0, 217, -0.05, -0.05, -0.05, 0.05, 0.05, 0.05, 0, 0, 0, 0
917, 0, 0, 218, -0.05, -0.05, -0.05, 0.05, 0.05, 0.05, 0, 0, 0, 0
918, 0, 0, 219, -0.05, -0.05, -0.05, 0.05, 0.05, 0.05, 0, 0, 0, 0
919, 0, 0, 220, -0.05, -0.05, -0.05, 0.05, 0.05, 0.05, 0, 0, 0, 0
920, 0, 0, 221, -0.05, -0.05, -0.05, 0.05, 0.05, 0.05, 0, 0, 0, 0
921, 0, 0, 222, -0.05, -0.05, -0.05, 0.05, 0.05, 0.05, 0, 0, 0, 0
922, 0, 0, 223, -0.05, -0.05, -0.05, 0.05, 0.05, 0.05, 0, 0, 0, 0
923, 0, 0, 224, -0.05, -0.05, -0.05, 0.05, 0.05, 0.05, 0, 0, 0, 0
924, 0, 0, 225, -0.05, -0.05, -0.05, 0.05, 0.05, 0.05, 0, 0, 0, 0
925, 0, 0, 226, -0.05, -0.05, -0.05, 0.05, 0.05, 0.05, 0, 0, 0, 0
926, 0, 0, 227, -0.05, -0.05, -0.05, 0.05, 0.05, 0.05, 0, 0, 0, 0
927, 0, 0, 228, -0.05, -0.05, -0.05, 0.05, 0.05, 0.05, 0, 0, 0, 0
928, 0, 0, 229, -0.05, -0.05, -0.05, 0.05, 0.05, 0.05, 0, 0, 0, 0
929, 0, 0, 230, -0.05, -0.05, -0.05, 0.05, 0.05, 0.05, 0, 0, 0, 0
930, 0, 0, 231, -0.05, -0.05, -0.05, 0.05, 0.05, 0.05, 0, 0, 0, 0
931, 0, 0, 232, -0.05, -0.05, -0.05, 0.05, 0.05, 0.05, 0, 0, 0, 0
932, 0, 0, 233, -0.05, -0.05, -0.05, 0.05, 0.05, 0.05, 0, 0, 0, 0
933, 0, 0, 234, -0.05, -0.05, -0.05, 0.05, 0.05, 0.05, 0, 0, 0, 0
934, 0, 0, 235, -0.05, -0.05, -0.05, 0.05, 0.05, 0.05, 0, 0, 0, 0
935, 0, 0, 236, -0.05, -0.05, -0.05, 0.05, 0.05, 0.05, 0, 0, 0, 0
936, 0, 0, 237, -0.05, -0.05, -0.05, 0.05, 0.05, 0.05, 0, 0, 0, 0
937, 0, 0, 238, -0.05, -0.05, -0.05, 0.05, 0.05, 0.05, 0, 0, 0, 0
938, 0, 0, 239, -0.05, -0.05, -0.05, 0.05, 0.05, 0.05, 0, 0, 0, 0
939, 0, 0, 240, -0.05, -0.05, -0.05, 0.05, 0.05, 0.05, 0, 0, 0, 0
940, 0, 0, 241, -0.05, -0.05, -0.05, 0.05, 0.05, 0.05, 0, 0, 0, 0
941, 0, 0, 242, -0.05, -0.05, -0.05, 0.05, 0.05, 0.05, 0, 0, 0, 0
942, 0, 0, 243, -0.05, -0.05, -0.05, 0.05, 0.05, 0.05, 0, 0, 0, 0
943, 0, 0, 244, -0.05, -0.05, -0.05, 0.05, 0.05, 0.05, 0, 0, 0, 0
944, 0, 0, 245, -0.05, -0.05, -0.05, 0.05, 0.05, 0.05, 0, 0, 0, 0
945, 0, 0, 246, -0.05, -0.05, -0.05, 0.05, 0.05, 0.05, 0, 0, 0, 0
946, 0, 0, 247, -0.05, -0.05, -0.05, 0.05, 0.05, 0.05, 0, 0, 0, 0
947, 0, 0, 248, -0.05, -0.05, -0.05, 0.05, 0.05, 0.05, 0, 0, 0, 0
948, 0, 0, 249, -0.05, -0.05, -0.05, 0.05, 0.05, 0.05, 0, 0, 0, 0
949, 0, 0, 250, -0.05, -0.05, -0.05, 0.05, 0.05, 0.05, 0, 0, 0, 0
950, 0, 0, 251, -0.05, -0.05, -0.05, 0.05, 0.05, 0.05, 0, 0, 0, 0
951, 0, 0, 252, -0.05, -0.05, -0.05, 0.05, 0.05, 0.05, 0, 0, 0, 0
952, 0, 0, 253, -0.05, -0.05, -0.05, 0.05, 0.05, 0.05, 0, 0, 0, 0
953, 0, 0, 254, -0.05, -0.05, -0.05, 0.05, 0.05, 0.05, 0, 0, 0, 0
954, 0, 0, 255, -0.05, -0.05, -0.05, 0.05, 0.05, 0.05, 0, 0, 0, 0
955, 0, 0, 256, -0.05, -0.05, -0.05, 0.05, 0.05, 0.05, 0, 0, 0, 0
956, 0, 0, 257, -0.05, -0.05, -0.05, 0.05, 0.05, 0.05, 0, 0, 0, 0
957, 0, 0, 258, -0.05, -0.05, -0.05, 0.05, 0.05, 0.05, 0, 0, 0, 0
958, 0, 0, 259, -0.05, -0.05, -0.05, 0.05, 0.05, 0.05, 0, 0, 0, 0
959, 0, 0, 260, -0.05, -0.05, -0.05, 0.05, 0.05, 0.05, 0, 0, 0, 0
960, 0, 0, 261, -0.05, -0.05, -0.05, 0.05, 0.05, 0.05, 0, 0, 0, 0
961, 0, 0, 262, -0.05, -0.05, -0.05, 0.05, 0.05, 0.05, 0, 0, 0, 0
962, 0, 0, 263, -0.05, -0.05, -0.05, 0.05, 0.05, 0.05, 0, 0, 0, 0
963, 0, 0, 264, -0.05, -0.05, -0.05, 0.05, 0.05, 0.05, 0, 0, 0, 0
964, 0, 0, 265, -0.05, -0.05, -0.05, 0.05, 0.05, 0.05, 0, 0, 0, 0
965, 0, 0, 266, -0.05, -0.05, -0.05, 0.05, 0.05, 0.05, 0, 0, 0, 0
966, 0, 0, 267, -0.05, -0.05, -0.05, 0.05, 0.05, 0.05, 0, 0, 0, 0
967, 0, 0, 268, -0.05, -0.05, -0.05, 0.05, 0.05, 0.05, 0, 0, 0, 0
968, 0, 0, 269, -0.05, -0.05, -0.05, 0.05, 0.05, 0.05, 0, 0, 0, 0
969, 0, 0, 270, -0.05, -0.05, -0.05, 0.05, 0.05, 0.05, 0, 0, 0, 0
970, 0, 0, 271, -0.05, -0.05, -0.05, 0.05, 0.05, 0.05, 0, 0, 0, 0
971, 0, 0, 272, -0.05, -0.05, -0.05, 0.05, 0.05, 0.05, 0, 0, 0, 0
972, 0, 0, 273, -0.05, -0.05, -0.05, 0.05, 0.05, 0.05, 0, 0, 0, 0
973, 0, 0, 274, -0.05, -0.05, -0.05, 0.05, 0.05, 0.05, 0, 0, 0, 0
974, 0, 0, 275, -0.05, -0.05, -0.05, 0.05, 0.05, 0.05, 0, 0, 0, 0
975, 0, 0, 276, -0.05, -0.05, -0.05, 0.05, 0.05, 0.05, 0, 0, 0, 0
976, 0, 0, 277, -0.05, -0.05, -0.05, 0.05, 0.05, 0.05, 0, 0, 0, 0
977, 0, 0, 278, -0.05, -0.05, -0.05, 0.05, 0.05, 0.05, 0, 0, 0, 0
978, 0, 0, 279, -0.05, -0.05, -0.05, 0.05, 0.05, 0.05, 0, 0, 0, 0
979, 0, 0, 280, -0.05, -0.05, -0.05, 0.05, 0.05, 0.05, 0, 0, 0, 0
980, 0, 0, 281, -0.05, -0.05, -0.05, 0.05, 0.05, 0.05, 0, 0, 0, 0
981, 0, 0, 282, -0.05, -0.05, -0.05, 0.05, 0.05, 0.05, 0, 0, 0, 0
982, 0, 0, 283, -0.05, -0.05, -0.05, 0.05, 0.05, 0.05, 0, 0, 0, 0
983, 0, 0, 284, -0.05, -0.05, -0.05, 0.05, 0.05, 0.05, 0, 0, 0, 0
984, 0, 0, 285, -0.05, -0.05, -0.05, 0.05, 0.05, 0.05, 0, 0, 0, 0
985, 0, 0, 286, -0.05, -0.05, -0.05, 0.05, 0.05, 0.05, 0, 0, 0, 0
986, 0, 0, 287, -0.05, -0.05, -0.05, 0.05, 0.05, 0.05, 0, 0, 0, 0
987, 0, 0, 288, -0.05, -0.05, -0.05, 0.05, 0.05, 0.05, 0, 0, 0, 0
988, 0, 0, 289, -0.05, -0.05, -0.05, 0.05, 0.05, 0.05, 0, 0, 0, 0
989, 0, 0, 290, -0.05, -0.05, -0.05, 0.05, 0.05, 0.05, 0, 0, 0, 0
990, 0, 0, 291, -0.05, -0.05, -0.05, 0.05, 0.05, 0.05, 0, 0, 0, 0
991, 0, 0, 292, -0.05, -0.05, -0.05, 0.05, 0.05, 0.05, 0, 0, 0, 0
992, 0, 0, 293, -0.05, -0.05, -0.05, 0.05, 0.05, 0.05, 0, 0, 0, 0
993, 0, 0, 294, -0.05, -0.05, -0.05, 0.05, 0.05, 0.05, 0, 0, 0, 0
994, 0, 0, 295, -0.05, -0.05, -0.05, 0.05, 0.05, 0.05, 0, 0, 0, 0
995, 0, 0, 296, -0.05, -0.05, -0.05, 0.05, 0.05, 0.05, 0, 0, 0, 0
996, 0, 0, 297, -0.05, -0.05, -0.05, 0.05, 0.05, 0.05, 0, 0, 0, 0
997, 0, 0, 298, -0.05, -0.05, -0.05, 0.05, 0.05, 0.05, 0, 0, 0, 0
998, 0, 0, 299, -0.05, -0.05, -0.05, 0.05, 0.05, 0.05, 0, 0, 0, 0
999, 0, 0, 300, -0.05, -0.05, -0.05, 0.05, 0.05, 0.05, 0, 0, 0, 0
1000, 0, 0, 301, -0.05, -0.05, -0.05, 0.05, 0.05, 0.05, 0, 0, 0, 0
1001, 0, 0, 302, -0.05, -0.05, -0.05, 0.05, 0.05, 0.05, 0, 0, 0, 0
1002, 0, 0, 303, -0.05, -0.05, -0.05, 0.05, 0.05, 0.05, 0, 0, 0, 0
1003, 0, 0, 304, -0.05, -0.05, -0.05, 0.05, 0.05, 0.05, 0, 0, 0, 0
1004, 0, 0, 305, -0.05, -0.05, -0.05, 0.05, 0.05, 0.05, 0, 0, 0, 0
1005, 0, 0, 306, -0.05, -0.05, -0.05, 0.05, 0.05, 0.05, 0, 0, 0, 0
1006, 0, 0, 307, -0.05, -0.05, -0.05, 0.05, 0.05, 0.05, 0, 0, 0, 0
1007, 0, 0, 308, -0.05, -0.05, -0.05, 0.05, 0.05, 0.05, 0, 0, 0, 0
1008, 0, 0, 309, -0.05, -0.05, -0.05, 0.05, 0.05, 0.05, 0, 0, 0, 0
1009, 0, 0, 310, -0.05, -0.05, -0.05, 0.05, 0.05, 0.05, 0, 0, 0, 0
1010, 0, 0, 311, -0.05, -0.05, -0.05, 0.05, 0.05, 0.05, 0, 0, 0, 0
1011, 0, 0, 312, -0.05, -0.05, -0.05, 0.05, 0.05, 0.05, 0, 0, 0, 0
1012, 0, 0, 313, -0.05, -0.05, -0.05, 0.05, 0.05, 0.05, 0, 0, 0, 0
1013, 0, 0, 314, -0.05, -0.05, -0.05, 0.05, 0.05, 0.05, 0, 0, 0, 0
1014, 0, 0, 315, -0.05, -0.05, -0.05, 0.05, 0.05, 0.05, 0, 0, 0, 0
1015, 0, 0, 316, -0.05, -0.05, -0.05, 0.05, 0.05, 0.05, 0, 0, 0, 0
1016, 0, 0, 317, -0.05, -0.05, -0.05, 0.05, 0.05, 0.05, 0, 0, 0, 0
1017, 0, 0, 318, -0.05, -0.05, -0.05, 0.05, 0.05, 0.05, 0, 0, 0, 0
1018, 0, 0, 319, -0.05, -0.05, -0.05, 0.05, 0.05, 0.05, 0, 0, 0, 0
1019, 0, 0, 320, -0.05, -0.05, -0.05, 0.05, 0.05, 0.05, 0, 0, 0, 0
1020, 0, 0, 321, -0.05, -0.05, -0.05, 0.05, 0.05, 0.05, 0, 0, 0, 0
1021, 0, 0, 322, -0.05, -0.05, -0.05, 0.05, 0.05, 0.05, 0, 0, 0, 0
1022, 0, 0, 323, -0.05, -0.05, -0.05, 0.05, 0.05, 0.05, 0, 0, 0, 0
1023, 0, 0, 324, -0.05, -0.05, -0.05, 0.05, 0.05, 0.05, 0, 0, 0, 0
1024, 0, 0, 325, -0.05, -0.05, -0.05, 0.05, 0.05, 0.05, 0, 0, 0, 0
1025, 0, 0, 326, -0.05, -0.05, -0.05, 0.05, 0.05, 0.05, 0, 0, 0, 0
1026, 0, 0, 327, -0.05, -0.05, -0.05, 0.05, 0.05, 0.05, 0, 0, 0, 0
1027, 0, 0, 328, -0.05, -0.05, -0.05, 0.05, 0.05, 0.05, 0, 0, 0, 0
1028, 0, 0, 329, -0.05, -0.05, -0.05, 0.05, 0.05, 0.05, 0, 0, 0, 0
1029, 0, 0, 330, -0.05, -0.05, -0.05, 0.05, 0.05, 0.05, 0, 0, 0, 0
1030, 0, 0, 331, -0.05, -0.05, -0.05, 0.05, 0.05, 0.05, 0, 0, 0, 0
1031, 0, 0, 332, -0.05, -0.05, -0.05, 0.05, 0.05, 0.05, 0, 0, 0, 0
1032, 0, 0, 333, -0.05, -0.05, -0.05, 0.05, 0.05, 0.05, 0, 0, 0, 0
1033, 0, 0, 334, -0.05, -0.05, -0.05, 0.05, 0.05, 0.05, 0, 0, 0, 0
1034, 0, 0, 335, -0.05, -0.05, -0.05, 0.05, 0.05, 0.05, 0, 0, 0, 0
1035, 0, 0, 336, -0.05, -0.05, -0.05, 0.05, 0.05, 0.05, 0, 0, 0, 0
1036, 0, 0, 337, -0.05, -0.05, -0.05, 0.05, 0.05, 0.05, 0, 0, 0, 0
1037, 0, 0, 338, -0.05, -0.05, -0.05, 0.05, 0.05, 0.05, 0, 0, 0, 0
1038, 0, 0, 339, -0.05, -0.05, -0.05, 0.05, 0.05, 0.05, 0, 0, 0, 0
1039, 0, 0, 340, -0.05, -0.05, -0.05, 0.05, 0.05, 0.05, 0, 0, 0, 0
1040, 0, 0, 341, -0.05, -0.05, -0.05, 0.05, 0.05, 0.05, 0, 0, 0, 0
1041, 0, 0, 342, -0.05, -0.05, -0.05, 0.05, 0.05, 0.05, 0, 0, 0, 0
1042, 0, 0, 343, -0.05, -0.05, -0.05, 0.05, 0.05, 0.05, 0, 0, 0, 0
1043, 0, 0, 344, -0.05, -0.05, -0.05, 0.05, 0.05, 0.05, 0, 0, 0, 0
1044, 0, 0, 345, -0.05, -0.05, -0.05, 0.05, 0.05, 0.05, 0, 0, 0, 0
1045, 0, 0, 346, -0.05, -0.05, -0.05, 0.05, 0.05, 0.05, 0, 0, 0, 0
1046, 0, 0, 347, -0.05, -0.05, -0.05, 0.05, 0.05, 0.05, 0, 0, 0, 0
1047, 0, 0, 348, -0.05, -0.05, -0.05, 0.05, 0.05, 0.05, 0, 0, 0, 0
1048, 0, 0, 349, -0.05, -0.05, -0.05, 0.05, 0.05, 0.05, 0, 0, 0, 0
1049, 0, 0, 350, -0.05, -0.05, -0.05, 0.05, 0.05, 0.05, 0, 0, 0, 0
1050, 0, 0, 351, -0.05, -0.05, -0.05, 0.05, 0.05, 0.05, 0, 0, 0, 0
1051, 0, 0, 352, -0.05, -0.05, -0.05, 0.05, 0.05, 0.05, 0, 0, 0, 0
1052, 0, 0, 353, -0.05, -0.05, -0.05, 0.05, 0.05, 0.05, 0, 0, 0, 0
1053, 0, 0, 354, -0.05, -0.05, -0.05, 0.05, 0.05, 0.05, 0, 0, 0, 0
1054, 0, 0, 355, -0.05, -0.05, -0.05, 0.05, 0.05, 0.05, 0, 0, 0, 0
1055, 0, 0, 356, -0.05, -0.05, -0.05, 0.05, 0.05, 0.05, 0, 0, 0, 0
1056, 0, 0, 357, -0.05, -0.05, -0.05, 0.05, 0.05, 0.05, 0, 0, 0, 0
1057, 0, 0, 358, -0.05, -0.05, -0.05, 0.05, 0.05, 0.05, 0, 0, 0, 0
1058, 0, 0, 359, -0.05, -0.05, -0.05, 0.05, 0.05, 0.05, 0, 0, 0, 0
1059, 0, 0, 360, -0.05, -0.05, -0.05, 0.05, 0.05, 0.05, 0, 0, 0, 0
1060, 0, 0, 361, -0.05, -0.05, -0.05, 0.05, 0.05, 0.05, 0, 0, 0, 0
1061, 0, 0, 362, -0.05, -0.05, -0.05, 0.05, 0.05, 0.05, 0, 0, 0, 0
1062, 0, 0, 363, -0.05, -0.05, -0.05, 0.05, 0.05, 0.05, 0, 0, 0, 0
1063, 0, 0, 364, -0.05, -0.05, -0.05, 0.05, 0.05, 0.05, 0, 0, 0, 0
1064, 0, 0, 365, -0.05, -0.05, -0.05, 0.05, 0.05, 0.05, 0, 0, 0, 0
1065, 0, 0, 366, -0.05, -0.05, -0.05, 0.05, 0.05, 0.05, 0, 0, 0, 0
1066, 0, 0, 367, -0.05, -0.05, -0.05, 0.05, 0.05, 0.05, 0, 0, 0, 0
1067, 0, 0, 368, -0.05, -0.05, -0.05, 0.05, 0.05, 0.05, 0, 0, 0, 0
1068, 0, 0, 369, -0.05, -0.05, -0.05, 0.05, 0.05, 0.05, 0, 0, 0, 0
1069, 0, 0, 370, -0.05, -0.05, -0.05, 0.05, 0.05, 0.05, 0, 0, 0, 0
1070, 0, 0, 371, -0.05, -0.05, -0.05, 0.05, 0.05, 0.05, 0, 0, 0, 0
1071, 0, 0, 372, -0.05, -0.05, -0.05, 0.05, 0.05, 0.05, 0, 0, 0, 0
1072, 0, 0, 373, -0.05, -0.05, -0.05, 0.05, 0.05, 0.05, 0, 0, 0, 0
1073, 0, 0, 374, -0.05, -0.05, -0.05, 0.05, 0.05, 0.05, 0, 0, 0, 0
1074, 0, 0, 375, -0.05, -0.05, -0.05, 0.05, 0.05, 0.05, 0, 0, 0, 0
1075, 0, 0, 376, -0.05, -0.05, -0.05, 0.05, 0.05, 0.05, 0, 0, 0, 0
1076, 0, 0, 377, -0.05, -0.05, -0.05, 0.05, 0.05, 0.05, 0, 0, 0, 0
1077, 0, 0, 378, -0.05, -0.05, -0.05, 0.05, 0.05, 0.05, 0, 0, 0, 0
1078, 0, 0, 379, -0.05, -0.05, -0.05, 0.05, 0.05, 0.05, 0, 0, 0, 0
1079, 0, 0, 380, -0.05, -0.05, -0.05, 0.05, 0.05, 0.05, 0, 0, 0, 0
1080, 0, 0, 381, -0.05, -0.05, -0.05, 0.05, 0.05, 0.05, 0, 0, 0, 0
1081, 0, 0, 382, -0.05, -0.05, -0.05, 0.05, 0.05, 0.05, 0, 0, 0, 0
1082, 0, 0, 383, -0.05, -0.05, -0.05, 0.05, 0.05, 0.05, 0, 0, 0, 0
1083, 0, 0, 384, -0.05, -0.05, -0.05, 0.05, 0.05, 0.05, 0, 0, 0, 0
1084, 0, 0, 385, -0.05, -0.05, -0.05, 0.05, 0.05, 0.05, 0, 0, 0, 0
1085, 0, 0, 386, -0.05, -0.05, -0.05, 0.05, 0.05, 0.05, 0, 0, 0, 0
1086, 0, 0, 387, -0.05, -0.05, -0.05, 0.05, 0.05, 0.05, 0, 0, 0, 0
1087, 0, 0, 388, -0.05, -0.05, -0.05, 0.05, 0.05, 0.05, 0, 0, 0, 0
1088, 0, 0, 389, -0.05, -0.05, -0.05, 0.05, 0.05, 0.05, 0, 0, 0, 0
1089, 0, 0, 390, -0.05, -0.05, -0.05, 0.05, 0.05, 0.05, 0, 0, 0, 0
1090, 0, 0, 391, -0.05, -0.05, -0.05, 0.05, 0.05, 0.05, 0, 0, 0, 0
1091, 0, 0, 392, -0.05, -0.05, -0.05, 0.05, 0.05, 0.05, 0, 0, 0, 0
1092, 0, 0, 393, -0.05, -0.05, -0.05, 0.05, 0.05, 0.05, 0, 0, 0, 0
1093, 0, 0, 394, -0.05, -0.05, -0.05, 0.05, 0.05, 0.05, 0, 0, 0, 0
1094, 0, 0, 395, -0.05, -0.05, -0.05, 0.05, 0.05, 0.05, 0, 0, 0, 0
1095, 0, 0, 396, -0.05, -0.05, -0.05, 0.05, 0.05, 0.05, 0, 0, 0, 0
1096, 0, 0, 397, -0.05, -0.05, -0.05, 0.05, 0.05, 0.05, 0, 0, 0, 0
1097, 0, 0, 398, -0.05, -0.05, -0.05, 0.05, 0.05, 0.05, 0, 0, 0, 0
1098, 0, 0, 399, -0.05, -0.05, -0.05, 0.05, 0.05, 0.05, 0, 0, 0, 0
1099, 0, 0, 400, -0.05, -0.05, -0.05, 0.05, 0.05, 0.05, 0, 0, 0, 0
1100, 0, 0, 401, -0.05, -0.05, -0.05, 0.05, 0.05, 0.05, 0, 0, 0, 0
1101, 0, 0, 402, -0.05, -0.05, -0.05, 0.05, 0.05, 0.05, 0, 0, 0, 0
1102, 0, 0, 403, -0.05, -0.05, -0.05, 0.05, 0.05, 0.05, 0, 0, 0, 0
1103, 0, 0, 404, -0.05, -0.05, -0.05, 0.05, 0.05, 0.05, 0, 0, 0, 0
1104, 0, 0, 405, -0.05, -0.05, -0.05, 0.05, 0.05, 0.05, 0, 0, 0, 0
1105, 0, 0, 406, -0.05, -0.05, -0.05, 0.05, 0.05, 0.05, 0, 0, 0, 0
1106, 0, 0, 407, -0.05, -0.05, -0.05, 0.05, 0.05, 0.05, 0, 0, 0, 0
1107, 0, 0, 408, -0.05, -0.05, -0.05, 0.05, 0.05, 0.05, 0, 0, 0, 0
1108, 0, 0, 409, -0.05, -0.05, -0.05, 0.05, 0.05, 0.05, 0, 0, 0, 0
1109, 0, 0, 410, -0.05, -0.05, -0.05, 0.05, 0.05, 0.05, 0, 0, 0, 0
1110, 0, 0, 411, -0.05, -0.05, -0.05, 0.05, 0.05, 0.05, 0, 0, 0, 0
1111, 0, 0, 412, -0.05, -0.05, -0.05, 0.05, 0.05, 0.05, 0, 0, 0, 0
1112, 0, 0, 413, -0.05, -0.05, -0.05, 0.05, 0.05, 0.05, 0, 0, 0, 0
1113, 0, 0, 414, -0.05, -0.05, -0.05, 0.05, 0.05, 0.05, 0, 0, 0, 0
1114, 0, 0, 415, -0.05, -0.05, -0.05, 0.05, 0.05, 0.05, 0, 0, 0, 0
1115, 0, 0, 416, -0.05, -0.05, -0.05, 0.05, 0.05, 0.05, 0, 0, 0, 0
1116, 0, 0, 417, -0.05, -0.05, -0.05, 0.05, 0.05, 0.05, 0, 0, 0, 0
1117, 0, 0, 418, -0.05, -0.05, -0.05, 0.05, 0.05, 0.05, 0, 0, 0, 0
1118, 0, 0, 419, -0.05, -0.05, -0.05, 0.05, 0.05, 0.05, 0, 0, 0, 0
1119, 0, 0, 420, -0.05, -0.05, -0.05, 0.05, 0.05, 0.05, 0, 0, 0, 0
1120, 0, 0, 421, -0.05, -0.05, -0.05, 0.05, 0.05, 0.05, 0, 0, 0, 0
1121, 0, 0, 422, -0.05, -0.05, -0.05, 0.05, 0.05, 0.05, 0, 0, 0, 0
1122, 0, 0, 423, -0.05, -0.05, -0.05, 0.05, 0.05, 0.05, 0, 0, 0, 0
1123, 0, 0, 424, -0.05, -0.05, -0.05, 0.05, 0.05, 0.05, 0, 0, 0, 0
1124, 0, 0, 425, -0.05, -0.05, -0.05, 0.05, 0.05, 0.05, 0, 0, 0, 0
1125, 0, 0, 426, -0.05, -0.05, -0.05, 0.05, 0.05, 0.05, 0, 0, 0, 0
1126, 0, 0, 427, -0.05, -0.05, -0.05, 0.05, 0.05, 0.05, 0, 0, 0, 0
1127, 0, 0, 428, -0.05, -0.05, -0.05, 0.05, 0.05, 0.05, 0, 0, 0, 0
1128, 0, 0, 429, -0.05, -0.05, -0.05, 0.05, 0.05, 0.05, 0, 0, 0, 0
1129, 0, 0, 430, -0.05, -0.05, -0.05, 0.05, 0.05, 0.05, 0, 0, 0, 0
1130, 0, 0, 431, -0.05, -0.05, -0.05, 0.05, 0.05, 0.05, 0, 0, 0, 0
1131, 0, 0, 432, -0.05, -0.05, -0.05, 0.05, 0.05, 0.05, 0, 0, 0, 0
1132, 0, 0, 433, -0.05, -0.05, -0.05, 0.05, 0.05, 0.05, 0, 0, 0, 0
1133, 0, 0, 434, -0.05, -0.05, -0.05, 0.05, 0.05, 0.05, 0, 0, 0, 0
1134, 0, 0, 435, -0.05, -0.05, -0.05, 0.05, 0.05, 0.05, 0, 0, 0, 0
1135, 0, 0, 436, -0.05, -0.05, -0.05, 0.05, 0.05, 0.05, 0, 0, 0, 0
1136, 0, 0, 437, -0.05, -0.05, -0.05, 0.05, 0.05, 0.05, 0, 0, 0, 0
1137, 0, 0, 438, -0.05, -0.05, -0.05, 0.05, 0.05, 0.05, 0, 0, 0, 0
1138, 0, 0, 439, -0.05, -0.05, -0.05, 0.05, 0.05, 0.05, 0, 0, 0, 0
1139, 0, 0, 440, -0.05, -0.05, -0.05, 0.05, 0.05, 0.05, 0, 0, 0, 0
1140, 0, 0, 441, -0.05, -0.05, -0.05, 0.05, 0.05, 0.05, 0, 0, 0, 0
1141, 0, 0, 442, -0.05, -0.05, -0.05, 0.05, 0.05, 0.05, 0, 0, 0, 0
1142, 0, 0, 443, -0.05, -0.05, -0.05, 0.05, 0.05, 0.05, 0, 0, 0, 0
1143, 0, 0, 444, -0.05, -0.05, -0.05, 0.05, 0.05, 0.05, 0, 0, 0, 0
1144, 0, 0, 445, -0.05, -0.05, -0.05, 0.05, 0.05, 0.05, 0, 0, 0, 0
1145, 0, 0, 446, -0.05, -0.05, -0.05, 0.05, 0.05, 0.05, 0, 0, 0, 0
1146, 0, 0, 447, -0.05, -0.05, -0.05, 0.05, 0.05, 0.05, 0, 0, 0, 0
1147, 0, 0, 448, -0.05, -0.05, -0.05, 0.05, 0.05, 0.05, 0, 0, 0, 0
1148, 0, 0, 449, -0.05, -0.05, -0.05, 0.05, 0.05, 0.05, 0, 0, 0, 0
1149, 0, 0, 450, -0.05, -0.05, -0.05, 0.05, 0.05, 0.05, 0, 0, 0, 0
1150, 0, 0, 451, -0.05, -0.05, -0.05, 0.05, 0.05, 0.05, 0, 0, 0, 0
1151, 0, 0, 452, -0.05, -0.05, -0.05, 0.05, 0.05, 0.05, 0, 0, 0, 0
1152, 0, 0, 453, -0.05, -0.05, -0.05, 0.05, 0.05, 0.05, 0, 0, 0, 0
1153, 0, 0, 454, -0.05, -0.05, -0.05, 0.05, 0.05, 0.05, 0, 0, 0, 0
1154, 0, 0, 455, -0.05, -0.05, -0.05, 0.05, 0.05, 0.05, 0, 0, 0, 0
1155, 0, 0, 456, -0.05, -0.05, -0.05, 0.05, 0.05, 0.05, 0, 0, 0, 0
1156, 0, 0, 457, -0.05, -0.05, -0.05, 0.05, 0.05, 0.05, 0, 0, 0, 0
1157, 0, 0, 458, -0.05, -0.05, -0.05, 0.05, 0.05, 0.05, 0, 0, 0, 0
1158, 0, 0, 459, -0.05, -0.05, -0.05, 0.05, 0.05, 0.05, 0, 0, 0, 0
1159, 0, 0, 460, -0.05, -0.05, -0.05, 0.05, 0.05, 0.05, 0, 0, 0, 0
1160, 0, 0, 461, -0.05, -0.05, -0.05, 0.05, 0.05, 0.05, 0, 0, 0, 0
1161, 0, 0, 462, -0.05, -0.05, -0.05, 0.05, 0.05, 0.05, 0, 0, 0, 0
1162, 0, 0, 463, -0.05, -0.05, -0.05, 0.05, 0.05, 0.05, 0, 0, 0, 0
1163, 0, 0, 464, -0.05, -0.05, -0.05, 0.05, 0.05, 0.05, 0, 0, 0, 0
1164, 0, 0, 465, -0.05, -0.05, -0.05, 0.05, 0.05, 0.05, 0, 0, 0, 0
1165, 0, 0, 466, -0.05, -0.05, -0.05, 0.05, 0.05, 0.05, 0, 0, 0, 0
1166, 0, 0, 467, -0.05, -0.05, -0.05, 0.05, 0.05, 0.05, 0, 0, 0, 0
1167, 0, 0, 468, -0.05, -0.05, -0.05, 0.05, 0.05, 0.05, 0, 0, 0, 0
1168, 0, 0, 469, -0.05, -0.05, -0.05, 0.05, 0.05, 0.05, 0, 0, 0, 0
1169, 0, 0, 470, -0.05, -0.05, -0.05, 0.05, 0.05, 0.05, 0, 0, 0, 0
1170, 0, 0, 471, -0.05, -0.05, -0.05, 0.05, 0.05, 0.05, 0, 0, 0, 0
1171, 0, 0, 472, -0.05, -0.05, -0.05, 0.05, 0.05, 0.05, 0, 0, 0, 0
1172, 0, 0, 473, -0.05, -0.05, -0.05, 0.05, 0.05, 0.05, 0, 0, 0, 0
1173, 0, 0, 474, -0.05, -0.05, -0.05, 0.05, 0.05, 0.05, 0, 0, 0, 0
1174, 0, 0, 475, -0.05, -0.05, -0.05, 0.05, 0.05, 0.05, 0, 0, 0, 0
1175, 0, 0, 476, -0.05, -0.05, -0.05, 0.05, 0.05, 0.05, 0, 0, 0, 0
1176, 0, 0, 477, -0.05, -0.05, -0.05, 0.05, 0.05, 0.05, 0, 0, 0, 0
1177, 0, 0, 478, -0.05, -0.05, -0.05, 0.05, 0.05, 0.05, 0, 0, 0, 0
1178, 0, 0, 479, -0.05, -0.05, -0.05, 0.05, 0.05, 0.05, 0, 0, 0, 0
1179, 0, 0, 480, -0.05, -0.05, -0.05, 0.05, 0.05, 0.05, 0, 0, 0, 0
1180, 0, 0, 481, -0.05, -0.05, -0.05, 0.05, 0.05, 0.05, 0, 0, 0, 0
1181, 0, 0, 482, -0.05, -0.05, -0.05, 0.05, 0.05, 0.05, 0, 0, 0, 0
1182, 0, 0, 483, -0.05, -0.05, -0.05, 0.05, 0.05, 0.05, 0, 0, 0, 0
1183, 0, 0, 484, -0.05, -0.05, -0.05, 0.05, 0.05, 0.05, 0, 0, 0, 0
1184, 0, 0, 485, -0.05, -0.05, -0.05, 0.05, 0.05, 0.05, 0, 0, 0, 0
1185, 0, 0, 486, -0.05, -0.05, -0.05, 0.05, 0.05, 0.05, 0, 0, 0, 0
1186, 0, 0, 487, -0.05, -0.05, -0.05, 0.05, 0.05, 0.05, 0, 0, 0, 0
1187, 0, 0, 488, -0.05, -0.05, -0.05, 0.05, 0.05, 0.05, 0, 0, 0, 0
1188, 0, 0, 489, -0.05, -0.05, -0.05, 0.05, 0.05, 0.05, 0, 0, 0, 0
1189, 0, 0, 490, -0.05, -0.05, -0.05, 0.05, 0.05, 0.05, 0, 0, 0, 0
1190, 0, 0, 491, -0.05, -0.05, -0.05, 0.05, 0.05, 0.05, 0, 0, 0, 0
1191, 0, 0, 492, -0.05, -0.05, -0.05, 0.05, 0.05, 0.05, 0, 0, 0, 0
1192, 0, 0, 493, -0.05, -0.05, -0.05, 0.05, 0.05, 0.05, 0, 0, 0, 0
1193, 0, 0, 494, -0.05, -0.05, -0.05, 0.05, 0.05, 0.05, 0, 0, 0, 0
1194, 0, 0, 495, -0.05, -0.05, -0.05, 0.05, 0.05, 0.05, 0, 0, 0, 0
1195, 0, 0, 496, -0.05, -0.05, -0.05, 0.05, 0.05, 0.05, 0, 0, 0, 0
1196, 0, 0, 497, -0.05, -0.05, -0.05, 0.05, 0.05, 0.05, 0, 0, 0, 0
1197, 0, 0, 498, -0.05, -0.05, -0.05, 0.05, 0.05, 0.05, 0, 0, 0, 0
1198, 0, 0, 499, -0.05, -0.05, -0.05, 0.05, 0.05, 0.05, 0, 0, 0, 0
1199, 0, 0, 500, -0.05, -0.05, -0.05, 0.05, 0.05, 0.05, 0, 0, 0, 0
1200, 0, 0, 501, -0.05, -0.05, -0.05, 0.05, 0.05, 0.05, 0, 0, 0, 0
1201, 0, 0, 502, -0.05, -0.05, -0.05, 0.05, 0.05, 0.05, 0, 0, 0, 0
1202, 0, 0, 503, -0.05, -0.05, -0.05, 0.05, 0.05, 0.05, 0, 0, 0, 0
1203, 0, 0, 504, -0.05, -0.05, -0.05, 0.05, 0.05, 0.05, 0, 0, 0, 0
1204, 0, 0, 505, -0.05, -0.05, -0.05, 0.05, 0.05, 0.05, 0, 0, 0, 0
1205, 0, 0, 506, -0.05, -0.05, -0.05, 0.05, 0.05, 0.05, 0, 0, 0, 0
1206, 0, 0, 507, -0.05, -0.05, -0.05, 0.05, 0.05, 0.05, 0, 0, 0, 0
1207, 0, 0, 508, -0.05, -0.05, -0.05, 0.05, 0.05, 0.05, 0, 0, 0, 0
1208, 0, 0, 509, -0.05, -0.05, -0.05, 0.05, 0.05, 0.05, 0, 0, 0, 0
1209, 0, 0, 510, -0.05, -0.05, -0.05, 0.05, 0.05, 0.05, 0, 0, 0, 0
1210, 0, 0, 511, -0.05, -0.05, -0.05, 0.05, 0.05, 0.05, 0, 0, 0, 0
1211, 0, 0, 512, -0.05, -0.05, -0.05, 0.05, 0.05, 0.05, 0, 0, 0, 0
1212, 0, 0, 513, -0.05, -0.05, -0.05, 0.05, 0.05, 0.05, 0, 0, 0, 0
1213, 0, 0, 514, -0.05, -0.05, -0.05, 0.05, 0.05, 0.05, 0, 0, 0, 0
1214, 0, 0, 515, -0.05, -0.05, -0.05, 0.05, 0.05, 0.05, 0, 0, 0, 0
1215, 0, 0, 516, -0.05, -0.05, -0.05, 0.05, 0.05, 0.05, 0, 0, 0, 0
1216, 0, 0, 517, -0.05, -0.05, -0.05, 0.05, 0.05, 0.05, 0, 0, 0, 0
1217, 0, 0, 518, -0.05, -0.05, -0.05, 0.05, 0.05, 0.05, 0, 0, 0, 0
1218, 0, 0, 519, -0.05, -0.05, -0.05, 0.05, 0.05, 0.05, 0, 0, 0, 0
1219, 0, 0, 520, -0.05, -0.05, -0.05, 0.05, 0.05, 0.05, 0, 0, 0, 0
1220, 0, 0, 521, -0.05, -0.05, -0.05, 0.05, 0.05, 0.05, 0, 0, 0, 0
1221, 0, 0, 522, -0.05, -0.05, -0.05, 0.05, 0.05, 0.05, 0, 0, 0, 0
1222, 0, 0, 523, -0.05, -0.05, -0.05, 0.05, 0.05, 0.05, 0, 0, 0, 0
1223, 0, 0, 524, -0.05, -0.05, -0.05, 0.05, 0.05, 0.05, 0, 0, 0, 0
1224, 0, 0, 525, -0.05, -0.05, -0.05, 0.05, 0.05, 0.05, 0, 0, 0, 0
1225, 0, 0, 526, -0.05, -0.05, -0.05, 0.05, 0.05, 0.05, 0, 0, 0, 0
1226, 0, 0, 527, -0.05, -0.05, -0.05, 0.05, 0.05, 0.05, 0, 0, 0, 0
1227, 0, 0, 528, -0.05, -0.05, -0.05, 0.05, 0.05, 0.05, 0, 0, 0, 0
1228, 0, 0, 529, -0.05, -0.05, -0.05, 0.05, 0.05, 0.05, 0, 0, 0, 0
1229, 0, 0, 530, -0.05, -0.05, -0.05, 0.05, 0.05, 0.05, 0, 0, 0, 0
1230, 0, 0, 531, -0.05, -0.05, -0.05, 0.05, 0.05, 0.05, 0, 0, 0, 0
1231, 0, 0, 532, -0.05, -0.05, -0.05, 0.05, 0.05, 0.05, 0, 0, 0, 0
1232, 0, 0, 533, -0.05, -0.05, -0.05, 0.05, 0.05, 0.05, 0, 0, 0, 0
1233, 0, 0, 534, -0.05, -0.05, -0.05, 0.05, 0.05, 0.05, 0, 0, 0, 0
1234, 0, 0, 535, -0.05, -0.05, -0.05, 0.05, 0.05, 0.05, 0, 0, 0, 0
1235, 0, 0, 536, -0.05, -0.05, -0.05, 0.05, 0.05, 0.05, 0, 0, 0, 0
1236, 0, 0, 537, -0.05, -0.05, -0.05, 0.05, 0.05, 0.05, 0, 0, 0, 0
1237, 0, 0, 538, -0.05, -0.05, -0.05, 0.05, 0.05, 0.05, 0, 0, 0, 0
1238, 0, 0, 539, -0.05, -0.05, -0.05, 0.05, 0.05, 0.05, 0, 0, 0, 0
1239, 0, 0, 540, -0.05, -0.05, -0.05, 0.05, 0.05, 0.05, 0, 0, 0, 0
1240, 0, 0, 541, -0.05, -0.05, -0.05, 0.05, 0.05, 0.05, 0, 0, 0, 0
1241, 0, 0, 542, -0.05, -0.05, -0.05, 0.05, 0.05, 0.05, 0, 0, 0, 0
1242, 0, 0, 543, -0.05, -0.05, -0.05, 0.05, 0.05, 0.05, 0, 0, 0, 0
1243, 0, 0, 544, -0.05, -0.05, -0.05, 0.05, 0.05, 0.05, 0, 0, 0, 0
1244, 0, 0, 545, -0.05, -0.05, -0.05, 0.05, 0.05, 0.05, 0, 0, 0, 0
1245, 0, 0, 546, -0.05, -0.05, -0.05, 0.05, 0.05, 0.05, 0, 0, 0, 0
1246, 0, 0, 547, -0.05, -0.05, -0.05, 0.05, 0.05, 0.05, 0, 0, 0, 0
1247, 0, 0, 548, -0.05, -0.05, -0.05, 0.05, 0.05, 0.05, 0, 0, 0, 0
1248, 0, 0, 549, -0.05, -0.05, -0.05, 0.05, 0.05, 0.05, 0, 0, 0, 0
1249, 0, 0, 550, -0.05, -0.05, -0.05, 0.05, 0.05, 0.05, 0, 0, 0, 0
1250, 0, 0, 551, -0.05, -0.05, -0.05, 0.05, 0.05, 0.05, 0, 0, 0, 0
1251, 0, 0, 552, -0.05, -0.05, -0.05, 0.05, 0.05, 0.05, 0, 0, 0, 0
1252, 0, 0, 553, -0.05, -0.05, -0.05, 0.05, 0.05, 0.05, 0, 0, 0, 0
1253, 0, 0, 554, -0.05, -0.05, -0.05, 0.05, 0.05, 0.05, 0, 0, 0, 0
1254, 0, 0, 555, -0.05, -0.05, -0.05, 0.05, 0.05, 0.05, 0, 0, 0, 0
1255, 0, 0, 556, -0.05, -0.05, -0.05, 0.05, 0.05, 0.05, 0, 0, 0, 0
1256, 0, 0, 557, -0.05, -0.05, -0.05, 0.05, 0.05, 0.05, 0, 0, 0, 0
1257, 0, 0, 558, -0.05, -0.05, -0.05, 0.05, 0.05, 0.05, 0, 0, 0, 0
1258, 0, 0, 559, -0.05, -0.05, -0.05, 0.05, 0.05, 0.05, 0, 0, 0, 0
1259, 0, 0, 560, -0.05, -0.05, -0.05, 0.05, 0.05, 0.05, 0, 0, 0, 0
1260, 0, 0, 561, -0.05, -0.05, -0.05, 0.05, 0.05, 0.05, 0, 0, 0, 0
1261, 0, 0, 562, -0.05, -0.05, -0.05, 0.05, 0.05, 0.05, 0, 0, 0, 0
1262, 0, 0, 563, -0.05, -0.05, -0.05, 0.05, 0.05, 0.05, 0, 0, 0, 0
1263, 0, 0, 564, -0.05, -0.05, -0.05, 0.05, 0.05, 0.05, 0, 0, 0, 0
1264, 0, 0, 565, -0.05, -0.05, -0.05, 0.05, 0.05, 0.05, 0, 0, 0, 0
1265, 0, 0, 566, -0.05, -0.05, -0.05, 0.05, 0.05, 0.05, 0, 0, 0, 0
1266, 0, 0, 567, -0.05, -0.05, -0.05, 0.05, 0.05, 0.05, 0, 0, 0, 0
1267, 0, 0, 568, -0.05, -0.05, -0.05, 0.05, 0.05, 0.05, 0, 0, 0, 0
1268, 0, 0, 569, -0.05, -0.05, -0.05, 0.05, 0.05, 0.05, 0, 0, 0, 0
1269, 0, 0, 570, -0.05, -0.05, -0.05, 0.05, 0.05, 0.05, 0, 0, 0, 0
1270, 0, 0, 571, -0.05, -0.05, -0.05, 0.05, 0.05, 0.05, 0, 0, 0, 0
1271, 0, 0, 572, -0.05, -0.05, -0.05, 0.05, 0.05, 0.05, 0, 0, 0, 0
1272, 0, 0, 573, -0.05, -0.05, -0.05, 0.05, 0.05, 0.05, 0, 0, 0, 0
1273, 0, 0, 574, -0.05, -0.05, -0.05, 0.05, 0.05, 0.05, 0, 0, 0, 0
1274, 0, 0, 575, -0.05, -0.05, -0.05, 0.05, 0.05, 0.05, 0, 0, 0, 0
1275, 0, 0, 576, -0.05, -0.05, -0.05, 0.05, 0.05, 0.05, 0, 0, 0, 0
1276, 0, 0, 577, -0.05, -0.05, -0.05, 0.05, 0.05, 0.05, 0, 0, 0, 0
1277, 0, 0, 578, -0.05, -0.05, -0.05, 0.05, 0.05, 0.05, 0, 0, 0, 0
1278, 0, 0, 579, -0.05, -0.05, -0.05, 0.05, 0.05, 0.05, 0, 0, 0, 0
1279, 0, 0, 580, -0.05, -0.05, -0.05, 0.05, 0.05, 0.05, 0, 0, 0, 0
1280, 0, 0, 581, -0.05, -0.05, -0.05, 0.05, 0.05, 0.05, 0, 0, 0, 0
1281, 0, 0, 582, -0.05, -0.05, -0.05, 0.05, 0.05, 0.05, 0, 0, 0, 0
1282, 0, 0, 583, -0.05, -0.05, -0.05, 0.05, 0.05, 0.05, 0, 0, 0, 0
1283, 0, 0, 584, -0.05, -0.05, -0.05, 0.05, 0.05, 0.05, 0, 0, 0, 0
1284, 0, 0, 585, -0.05, -0.05, -0.05, 0.05, 0.05, 0.05, 0, 0, 0, 0
1285, 0, 0, 586, -0.05, -0.05, -0.05, 0.05, 0.05, 0.05, 0, 0, 0, 0
1286, 0, 0, 587, -0.05, -0.05, -0.05, 0.05, 0.05, 0.05, 0, 0, 0, 0
1287, 0, 0, 588, -0.05, -0.05, -0.05, 0.05, 0.05, 0.05, 0, 0, 0, 0
1288, 0, 0, 589, -0.05, -0.05, -0.05, 0.05, 0.05, 0.05, 0, 0, 0, 0
1289, 0, 0, 590, -0.05, -0.05, -0.05, 0.05, 0.05, 0.05, 0, 0, 0, 0
1290, 0, 0, 591, -0.05, -0.05, -0.05, 0.05, 0.05, 0.05, 0, 0, 0, 0
1291, 0, 0, 592, -0.05, -0.05, -0.05, 0.05, 0.05, 0.05, 0, 0, 0, 0
1292, 0, 0, 593, -0.05, -0.05, -0.05, 0.05, 0.05, 0.05, 0, 0, 0, 0
1293, 0, 0, 594, -0.05, -0.05, -0.05, 0.05, 0.05, 0.05, 0, 0, 0, 0
1294, 0, 0, 595, -0.05, -0.05, -0.05, 0.05, 0.05, 0.05, 0, 0, 0, 0
1295, 0, 0, 596, -0.05, -0.05, -0.05, 0.05, 0.05, 0.05, 0, 0, 0, 0
1296, 0, 0, 597, -0.05, -0.05, -0.05, 0.05, 0.05, 0.05, 0, 0, 0, 0
1297, 0, 0, 598, -0.05, -0.05, -0.05, 0.05, 0.05, 0.05, 0, 0, 0, 0
1298, 0, 0, 599, -0.05, -0.05, -0.05, 0.05, 0.05, 0.05, 0, 0, 0, 0
1299, 0, 0, 600, -0.05, -0.05, -0.05, 0.05, 0.05, 0.05, 0, 0, 0, 0
1300, 0, 0, 601, -0.05, -0.05, -0.05, 0.05, 0.05, 0.05, 0, 0, 0, 0
1301, 0, 0, 602, -0.05, -0.05, -0.05, 0.05, 0.05, 0.05, 0, 0, 0, 0
1302, 0, 0, 603, -0.05, -0.05, -0.05, 0.05, 0.05, 0.05, 0, 0, 0, 0
1303, 0, 0, 604, -0.05, -0.05, -0.05, 0.05, 0.05, 0.05, 0, 0, 0, 0
1304, 0, 0, 605, -0.05, -0.05, -0.05, 0.05, 0.05, 0.05, 0, 0, 0, 0
1305, 0, 0, 606, -0.05, -0.05, -0.05, 0.05, 0.05, 0.05, 0, 0, 0, 0
1306, 0, 0, 607, -0.05, -0.05, -0.05, 0.05, 0.05, 0.05, 0, 0, 0, 0
1307, 0, 0, 608, -0.05, -0.05, -0.05, 0.05, 0.05, 0.05, 0, 0, 0, 0
1308, 0, 0, 609, -0.05, -0.05, -0.05, 0.05, 0.05, 0.05, 0, 0, 0, 0
1309, 0, 0, 610, -0.05, -0.05, -0.05, 0.05, 0.05, 0.05, 0, 0, 0, 0
1310, 0, 0, 611, -0.05, -0.05, -0.05, 0.05, 0.05, 0.05, 0, 0, 0, 0
1311, 0, 0, 612, -0.05, -0.05, -0.05, 0.05, 0.05, 0.05, 0, 0, 0, 0
1312, 0, 0, 613, -0.05, -0.05, -0.05, 0.05, 0.05, 0.05, 0, 0, 0, 0
1313, 0, 0, 614, -0.05, -0.05, -0.05, 0.05, 0.05, 0.05, 0, 0, 0, 0
1314, 0, 0, 615, -0.05, -0.05, -0.05, 0.05, 0.05, 0.05, 0, 0, 0, 0
1315, 0, 0, 616, -0.05, -0.05, -0.05, 0.05, 0.05, 0.05, 0, 0, 0, 0
1316, 0, 0, 617, -0.05, -0.05, -0.05, 0.05, 0.05, 0.05, 0, 0, 0, 0
1317, 0, 0, 618, -0.05, -0.05, -0.05, 0.05, 0.05, 0.05, 0, 0, 0, 0
1318, 0, 0, 619, -0.05, -0.05, -0.05, 0.05, 0.05, 0.05, 0, 0, 0, 0
1319, 0, 0, 620, -0.05, -0.05, -0.05, 0.05, 0.05, 0.05, 0, 0, 0, 0
1320, 0, 0, 621, -0.05, -0.05, -0.05, 0.05, 0.05, 0.05, 0, 0, 0, 0
1321, 0, 0, 622, -0.05, -0.05, -0.05, 0.05, 0.05, 0.05, 0, 0, 0, 0
1322, 0, 0, 623, -0.05, -0.05, -0.05, 0.05, 0.05, 0.05, 0, 0, 0, 0
1323, 0, 0, 624, -0.05, -0.05, -0.05, 0.05, 0.05, 0.05, 0, 0, 0, 0
1324, 0, 0, 625, -0.05, -0.05, -0.05, 0.05, 0.05, 0.05, 0, 0, 0, 0
1325, 0, 0, 626, -0.05, -0.05, -0.05, 0.05, 0.05, 0.05, 0, 0, 0, 0
1326, 0, 0, 627, -0.05, -0.05, -0.05, 0.05, 0.05, 0.05, 0, 0, 0, 0
1327, 0, 0, 628, -0.05, -0.05, -0.05, 0.05, 0.05, 0.05, 0, 0, 0, 0
1328, 0, 0, 629, -0.05, -0.05, -0.05, 0.05, 0.05, 0.05, 0, 0, 0, 0
1329, 0, 0, 630, -0.05, -0.05, -0.05, 0.05, 0.05, 0.05, 0, 0, 0, 0
1330, 0, 0, 631, -0.05, -0.05, -0.05, 0.05, 0.05, 0.05, 0, 0, 0, 0
1331, 0, 0, 632, -0.05, -0.05, -0.05, 0.05, 0.05, 0.05, 0, 0, 0, 0
1332, 0, 0, 633, -0.05, -0.05, -0.05, 0.05, 0.05, 0.05, 0, 0, 0, 0
1333, 0, 0, 634, -0.05, -0.05, -0.05, 0.05, 0.05, 0.05, 0, 0, 0, 0
1334, 0, 0, 635, -0.05, -0.05, -0.05, 0.05, 0.05, 0.05, 0, 0, 0, 0
1335, 0, 0, 636, -0.05, -0.05, -0.05, 0.05, 0.05, 0.05, 0, 0, 0, 0
1336, 0, 0, 637, -0.05, -0.05, -0.05, 0.05, 0.05, 0.05, 0, 0, 0, 0
1337, 0, 0, 638, -0.05, -0.05, -0.05, 0.05, 0.05, 0.05, 0, 0, 0, 0
1338, 0, 0, 639, -0.05, -0.05, -0.05, 0.05, 0.05, 0.05, 0, 0, 0, 0
1339, 0, 0, 640, -0.05, -0.05, -0.05, 0.05, 0.05, 0.05, 0, 0, 0, 0
1340, 0, 0, 641, -0.05, -0.05, -0.05, 0.05, 0.05, 0.05, 0, 0, 0, 0
1341, 0, 0, 642, -0.05, -0.05, -0.05, 0.05, 0.05, 0.05, 0, 0, 0, 0
1342, 0, 0, 643, -0.05, -0.05, -0.05, 0.05, 0.05, 0.05, 0, 0, 0, 0
1343, 0, 0, 644, -0.05, -0.05, -0.05, 0.05, 0.05, 0.05, 0, 0, 0, 0
1344, 0, 0, 645, -0.05, -0.05, -0.05, 0.05, 0.05, 0.05, 0, 0, 0, 0
1345, 0, 0, 646, -0.05, -0.05, -0.05, 0.05, 0.05, 0.05, 0, 0, 0, 0
1346, 0, 0, 647, -0.05, -0.05, -0.05, 0.05, 0.05, 0.05, 0, 0, 0, 0
1347, 0, 0, 648, -0.05, -0.05, -0.05, 0.05, 0.05, 0.05, 0, 0, 0, 0
1348, 0, 0, 649, -0.05, -0.05, -0.05, 0.05, 0.05, 0.05, 0, 0, 0, 0
1349, 0, 0, 650, -0.05, -0.05, -0.05, 0.05, 0.05, 0.05, 0, 0, 0, 0
1350, 0, 0, 651, -0.05, -0.05, -0.05, 0.05, 0.05, 0.05, 0, 0, 0, 0
1351, 0, 0, 652, -0.05, -0.05, -0.05, 0.05, 0.05, 0.05, 0, 0, 0, 0
1352, 0, 0, 653, -0.05, -0.05, -0.05, 0.05, 0.05, 0.05, 0, 0, 0, 0
1353, 0, 0, 654, -0.05, -0.05, -0.05, 0.05, 0.05, 0.05, 0, 0, 0, 0
1354, 0, 0, 655, -0.05, -0.05, -0.05, 0.05, 0.05, 0.05, 0, 0, 0, 0
1355, 0, 0, 656, -0.05, -0.05, -0.05, 0.05, 0.05, 0.05, 0, 0, 0, 0
1356, 0, 0, 657, -0.05, -0.05, -0.05, 0.05, 0.05, 0.05, 0, 0, 0, 0
1357, 0, 0, 658, -0.05, -0.05, -0.05, 0.05, 0.05, 0.05, 0, 0, 0, 0
1358, 0, 0, 659, -0.05, -0.05, -0.05, 0.05, 0.05, 0.05, 0, 0, 0, 0
1359, 0, 0, 660, -0.05, -0.05, -0.05, 0.05, 0.05, 0.05, 0, 0, 0, 0
1360, 0, 0, 661, -0.05, -0.05, -0.05, 0.05, 0.05, 0.05, 0, 0, 0, 0
1361, 0, 0, 662, -0.05, -0.05, -0.05, 0.05, 0.05, 0.05, 0, 0, 0, 0
1362, 0, 0, 663, -0.05, -0.05, -0.05, 0.05, 0.05, 0.05, 0, 0, 0, 0
1363, 0, 0, 664, -0.05, -0.05, -0.05, 0.05, 0.05, 0.05, 0, 0, 0, 0
1364, 0, 0, 665, -0.05, -0.05, -0.05, 0.05, 0.05, 0.05, 0, 0, 0, 0
1365, 0, 0, 666, -0.05, -0.05, -0.05, 0.05, 0.05, 0.05, 0, 0, 0, 0
1366, 0, 0, 667, -0.05, -0.05, -0.05, 0.05, 0.05, 0.05, 0, 0, 0, 0
1367, 0, 0, 668, -0.05, -0.05, -0.05, 0.05, 0.05, 0.05, 0, 0, 0, 0
1368, 0, 0, 669, -0.05, -0.05, -0.05, 0.05, 0.05, 0.05, 0, 0, 0, 0
1369, 0, 0, 670, -0.05, -0.05, -0.05, 0.05, 0.05, 0.05, 0, 0, 0, 0
1370, 0, 0, 671, -0.05, -0.05, -0.05, 0.05, 0.05, 0.05, 0, 0, 0, 0
1371, 0, 0, 672, -0.05, -0.05, -0.05, 0.05, 0.05, 0.05, 0, 0, 0, 0
1372, 0, 0, 673, -0.05, -0.05, -0.05, 0.05, 0.05, 0.05, 0, 0, 0, 0
1373, 0, 0, 674, -0.05, -0.05, -0.05, 0.05, 0.05, 0.05, 0, 0, 0, 0
1374, 0, 0, 675, -0.05, -0.05, -0.05, 0.05, 0.05, 0.05, 0, 0, 0, 0
1375, 0, 0, 676, -0.05, -0.05, -0.05, 0.05, 0.05, 0.05, 0, 0, 0, 0
1376, 0, 0, 677, -0.05, -0.05, -0.05, 0.05, 0.05, 0.05, 0, 0, 0, 0
1377, 0, 0, 678, -0.05, -0.05, -0.05, 0.05, 0.05, 0.05, 0, 0, 0, 0
1378, 0, 0, 679, -0.05, -0.05, -0.05, 0.05, 0.05, 0.05, 0, 0, 0, 0
1379, 0, 0, 680, -0.05, -0.05, -0.05, 0.05, 0.05, 0.05, 0, 0, 0, 0
1380, 0, 0, 681, -0.05, -0.05, -0.05, 0.05, 0.05, 0.05, 0, 0, 0, 0
1381, 0, 0, 682, -0.05, -0.05, -0.05, 0.05, 0.05, 0.05, 0, 0, 0, 0
1382, 0, 0, 683, -0.05, -0.05, -0.05, 0.05, 0.05, 0.05, 0, 0, 0, 0
1383, 0, 0, 684, -0.05, -0.05, -0.05, 0.05, 0.05, 0.05, 0, 0, 0, 0
1384, 0, 0, 685, -0.05, -0.05, -0.05, 0.05, 0.05, 0.05, 0, 0, 0, 0
1385, 0, 0, 686, -0.05, -0.05, -0.05, 0.05, 0.05, 0.05, 0, 0, 0, 0
1386, 0, 0, 687, -0.05, -0.05, -0.05, 0.05, 0.05, 0.05, 0, 0, 0, 0
1387, 0, 0, 688, -0.05, -0.05, -0.05, 0.05, 0.05, 0.05, 0, 0, 0, 0
1388, 0, 0, 689, -0.05, -0.05, -0.05, 0.05, 0.05, 0.05, 0, 0, 0, 0
1389, 0, 0, 690, -0.05, -0.05, -0.05, 0.05, 0.05, 0.05, 0, 0, 0, 0
1390, 0, 0, 691, -0.05, -0.05, -0.05, 0.05, 0.05, 0.05, 0, 0, 0, 0
1391, 0, 0, 692, -0.05, -0.05, -0.05, 0.05, 0.05, 0.05, 0, 0, 0, 0
1392, 0, 0, 693, -0.05, -0.05, -0.05, 0.05, 0.05, 0.05, 0, 0, 0, 0
1393, 0, 0, 694, -0.05, -0.05, -0.05, 0.05, 0.05, 0.05, 0, 0, 0, 0
1394, 0, 0, 695, -0.05, -0.05, -0.05, 0.05, 0.05, 0.05, 0, 0, 0, 0
1395, 0, 0, 696, -0.05, -0.05, -0.05, 0.05, 0.05, 0.05, 0, 0, 0, 0
1396, 0, 0, 697, -0.05, -0.05, -0.05, 0.05, 0.05, 0.05, 0, 0, 0, 0
1397, 0, 0, 698, -0.05, -0.05, -0.05, 0.05, 0.05, 0.05, 0, 0, 0, 0
1398, 0, 0, 699, -0.05, -0.05, -0.05, 0.05, 0.05, 0.05, 0, 0, 0, 0
